"Survey","EIR","MDA"
1,0.01,0
2,0.0198494,0
3,0.017389,0
4,0.0143697,0
5,0.0106721,0
6,0.01,0
7,0.01,0
8,0.01,0
9,0.01,0
10,0.01,0
11,0.01,0
12,0.01,0
13,0.01,0
14,0.01,0
15,0.01,0
16,0.01,0
17,0.01,0
18,0.01,0
19,0.01,0
20,0.01,0
21,0.01,0
22,0.01,0
23,0.01,0
24,0.01,0
25,0.01,0
26,0.01,0
27,0.01,0
28,0.01,0
29,0.01,0
30,0.01,0
31,0.01,0
32,0.01,0
33,0.0212272,0
34,0.0427952,0
35,0.073688,0
36,0.118455,0
37,0.184216,0
38,0.281369,0
39,0.422802,0
40,0.627807,0
41,0.911864,0
42,1.28255,0
43,1.73617,0
44,2.24717,0
45,2.78016,0
46,3.28588,0
47,3.70224,0
48,3.9751,0
49,4.07761,0
50,3.99851,0
51,3.76072,0
52,3.40761,0
53,2.98529,0
54,2.53978,0
55,2.10805,0
56,1.71146,0
57,1.36291,0
58,1.0671,0
59,0.823533,0
60,0.627715,0
61,0.473193,0
62,0.353187,0
63,0.261429,0
64,0.192494,0
65,0.141454,0
66,0.104249,0
67,0.077701,0
68,0.0593656,0
69,0.0473133,0
70,0.0401707,0
71,0.0368013,0
72,0.0361627,0
73,0.037398,0
74,0.0396795,0
75,0.0421954,0
76,0.0443476,0
77,0.0455963,0
78,0.0456669,0
79,0.0445505,0
80,0.0422732,0
81,0.0390318,0
82,0.0351498,0
83,0.0308598,0
84,0.0262391,0
85,0.021452,0
86,0.0167461,0
87,0.012164,0
88,0.01,0
89,0.01,0
90,0.01,0
91,0.01,0
92,0.01,0
93,0.01,0
94,0.01,0
95,0.01,0
96,0.01,0
97,0.01,0
98,0.01,0
99,0.01,0
100,0.01,0
101,0.01,0
102,0.01,0
103,0.01,0
104,0.0136821,0
105,0.0313732,0
106,0.0568314,0
107,0.092656,0
108,0.142564,0
109,0.21199,0
110,0.30889,0
111,0.448602,0
112,0.652692,0
113,0.937596,0
114,1.32449,0
115,1.82772,0
116,2.43366,0
117,3.1018,0
118,3.76972,0
119,4.36346,0
120,4.79651,0
121,5.01595,0
122,5.00037,0
123,4.77156,0
124,4.37106,0
125,3.86584,0
126,3.32381,0
127,2.791,0
128,2.29582,0
129,1.85287,0
130,1.46985,0
131,1.14844,0
132,0.885208,0
133,0.67382,0
134,0.507373,0
135,0.37848,0
136,0.280183,0
137,0.206246,0
138,0.151363,0
139,0.111254,0
140,0.082553,0
141,0.062708,0
142,0.0497085,0
143,0.0419437,0
144,0.0381595,0
145,0.0373424,0
146,0.0386751,0
147,0.0411031,0
148,0.0436174,0
149,0.0455903,0
150,0.0466632,0
151,0.0467509,0
152,0.0456733,0
153,0.043435,0
154,0.040265,0
155,0.03638,0
156,0.0321516,0
157,0.027747,0
158,0.0231383,0
159,0.018393,0
160,0.0135258,0
161,0.01,0
162,0.01,0
163,0.01,0
164,0.01,0
165,0.01,0
166,0.01,0
167,0.01,0
168,0.01,0
169,0.01,0
170,0.01,0
171,0.01,0
172,0.01,0
173,0.01,0
174,0.01,0
175,0.01,0
176,0.01,0
177,0.01173,0
178,0.0288177,0
179,0.0529444,0
180,0.086929,0
181,0.135293,0
182,0.204215,0
183,0.302777,0
184,0.445851,0
185,0.651487,0
186,0.933433,0
187,1.30571,0
188,1.78588,0
189,2.36933,0
190,3.0112,0
191,3.65384,0
192,4.23008,0
193,4.65899,0
194,4.88233,0
195,4.87061,0
196,4.65245,0
197,4.27881,0
198,3.80407,0
199,3.28219,0
200,2.75925,0
201,2.2684,0
202,1.82955,0
203,1.45139,0
204,1.13415,0
205,0.874236,0
206,0.665139,0
207,0.500097,0
208,0.372266,0
209,0.274791,0
210,0.201661,0
211,0.147597,0
212,0.108324,0
213,0.080471,0
214,0.061338,0
215,0.0487678,0
216,0.0410698,0
217,0.037075,0
218,0.0359179,0
219,0.0368025,0
220,0.0389477,0
221,0.041517,0
222,0.0437841,0
223,0.0449936,0
224,0.0449442,0
225,0.0435587,0
226,0.0410301,0
227,0.0376196,0
228,0.0335697,0
229,0.0291613,0
230,0.0246521,0
231,0.0201324,0
232,0.0155342,0
233,0.0108661,0
234,0.01,0
235,0.01,0
236,0.01,0
237,0.01,0
238,0.01,0
239,0.01,0
240,0.01,0
241,0.01,0
242,0.01,0
243,0.01,0
244,0.01,0
245,0.01,0
246,0.01,0
247,0.01,0
248,0.01,0
249,0.01,0
250,0.0103423,0
251,0.0257496,0
252,0.0478303,0
253,0.080257,0
254,0.127292,0
255,0.193967,0
256,0.286986,0
257,0.41811,0
258,0.607302,0
259,0.876035,0
260,1.23997,0
261,1.70615,0
262,2.26143,0
263,2.87147,0
264,3.49271,0
265,4.04445,0
266,4.44638,0
267,4.65802,0
268,4.66016,0
269,4.46493,0
270,4.11384,0
271,3.66255,0
272,3.16262,0
273,2.66201,0
274,2.19364,0
275,1.77305,0
276,1.40702,0
277,1.09911,0
278,0.847015,0
279,0.644925,0
280,0.48557,0
281,0.361787,0
282,0.267259,0
283,0.196172,0
284,0.143587,0
285,0.105373,0
286,0.078182,0
287,0.059355,0
288,0.0469302,0
289,0.0394173,0
290,0.0355814,0
291,0.0344349,0
292,0.035239,0
293,0.0372349,0
294,0.0395897,0
295,0.0415316,0
296,0.0425196,0
297,0.0423604,0
298,0.0410163,0
299,0.0385937,0
300,0.0352984,0
301,0.0314333,0
302,0.0272671,0
303,0.0229023,0
304,0.0183429,0
305,0.0137638,0
306,0.01,0
307,0.01,0
308,0.01,0
309,0.01,0
310,0.01,0
311,0.01,0
312,0.01,0
313,0.01,0
314,0.01,0
315,0.01,0
316,0.01,0
317,0.01,0
318,0.01,0
319,0.01,0
320,0.01,0
321,0.01,0
322,0.01,0
323,0.01,0
324,0.0222369,0
325,0.0449317,0
326,0.076547,0
327,0.120993,0
328,0.1843,0
329,0.274098,0
330,0.401669,0
331,0.583798,0
332,0.835497,0
333,1.16931,0
334,1.59844,0
335,2.12595,0
336,2.71695,0
337,3.30615,0
338,3.83569,0
339,4.24613,0
340,4.47568,0
341,4.49476,0
342,4.31958,0
343,3.99055,0
344,3.55834,0
345,3.07584,0
346,2.59185,0
347,2.13694,0
348,1.72852,0
349,1.37437,0
350,1.07572,0
351,0.830134,0
352,0.63207,0
353,0.475576,0
354,0.354308,0
355,0.261935,0
356,0.19242,0
357,0.140772,0
358,0.10313,0
359,0.076278,0
360,0.0576991,0
361,0.0454099,0
362,0.0380061,0
363,0.0343214,0
364,0.0334526,0
365,0.0345051,0
366,0.0364775,0
367,0.0386798,0
368,0.0405531,0
369,0.0416346,0
370,0.0415953,0
371,0.0404225,0
372,0.0379817,0
373,0.0344886,0
374,0.0303233,0
375,0.0258659,0
376,0.0215188,0
377,0.017261,0
378,0.0130398,0
379,0.01,0
380,0.01,0
381,0.01,0
382,0.01,0
383,0.01,0
384,0.01,0
385,0.01,0
386,0.01,0
387,0.01,0
388,0.01,0
389,0.01,0
390,0.01,0
391,0.01,0
392,0.01,0
393,0.01,0
394,0.01,0
395,0.01,0
396,0.01,0
397,0.0225618,0
398,0.0433671,0
399,0.072068,0
400,0.11204,0
401,0.168398,0
402,0.248095,0
403,0.364107,0
404,0.534971,0
405,0.778253,0
406,1.11097,0
407,1.54244,0
408,2.06882,0
409,2.65944,0
410,3.2578,0
411,3.78754,0
412,4.1759,0
413,4.38048,0
414,4.38469,0
415,4.20255,0
416,3.87444,0
417,3.45682,0
418,2.99774,0
419,2.53495,0
420,2.09529,0
421,1.69666,0
422,1.34862,0
423,1.05547,0
424,0.814734,0
425,0.620776,0
426,0.467191,0
427,0.347946,0
428,0.256937,0
429,0.188416,0
430,0.137577,0
431,0.100537,0
432,0.07415,0
433,0.055943,0
434,0.0439335,0
435,0.0366764,0
436,0.0330453,0
437,0.0320389,0
438,0.0328044,0
439,0.0347281,0
440,0.0369943,0
441,0.0388657,0
442,0.0399254,0
443,0.039939,0
444,0.0388481,0
445,0.0365844,0
446,0.0333117,0
447,0.0293511,0
448,0.0250455,0
449,0.0207119,0
450,0.0164176,0
451,0.0120911,0
452,0.01,0
453,0.01,0
454,0.01,0
455,0.01,0
456,0.01,0
457,0.01,0
458,0.01,0
459,0.01,0
460,0.01,0
461,0.01,0
462,0.01,0
463,0.01,0
464,0.01,0
465,0.01,0
466,0.01,0
467,0.01,0
468,0.01,0
469,0.01,0
470,0.020063,0
471,0.0408316,0
472,0.070267,0
473,0.112089,0
474,0.171533,0
475,0.255687,0
476,0.372883,0
477,0.537292,0
478,0.764814,0
479,1.0709,0
480,1.47788,0
481,1.98506,0
482,2.55736,0
483,3.14048,0
484,3.66422,0
485,4.0629,0
486,4.27549,0
487,4.28919,0
488,4.12195,0
489,3.80927,0
490,3.40124,0
491,2.94921,0
492,2.49517,0
493,2.06715,0
494,1.6784,0
495,1.33682,0
496,1.04676,0
497,0.807661,0
498,0.614924,0
499,0.462603,0
500,0.344238,0
501,0.253783,0
502,0.185757,0
503,0.135505,0
504,0.099057,0
505,0.073226,0
506,0.0553833,0
507,0.0435001,0
508,0.0361878,0
509,0.0323885,0
510,0.0312472,0
511,0.0320128,0
512,0.0339665,0
513,0.0364928,0
514,0.038773,0
515,0.0400801,0
516,0.0401599,0
517,0.0389226,0
518,0.0363237,0
519,0.0326956,0
520,0.0285485,0
521,0.0242886,0
522,0.0197991,0
523,0.0151537,0
524,0.0106883,0
525,0.01,0
526,0.01,0
527,0.01,0
528,0.01,0
529,0.01,0
530,0.01,0
531,0.01,0
532,0.01,0
533,0.01,0
534,0.01,0
535,0.01,0
536,0.01,0
537,0.01,0
538,0.01,0
539,0.01,0
540,0.01,0
541,0.01,0
542,0.01,0
543,0.0197264,0
544,0.0403766,0
545,0.06857,0
546,0.107635,0
547,0.163843,0
548,0.245159,0
549,0.362479,0
550,0.528695,0
551,0.758106,0
552,1.0652,0
553,1.45651,0
554,1.93332,0
555,2.47362,0
556,3.03161,0
557,3.54439,0
558,3.94108,0
559,4.17021,0
560,4.20163,0
561,4.04748,0
562,3.75135,0
563,3.36057,0
564,2.92086,0
565,2.46931,0
566,2.03824,0
567,1.64859,0
568,1.30976,0
569,1.02444,0
570,0.790168,0
571,0.601767,0
572,0.453021,0
573,0.337443,0
574,0.249156,0
575,0.182709,0
576,0.13349,0
577,0.097657,0
578,0.072137,0
579,0.0544898,0
580,0.0428498,0
581,0.0357553,0
582,0.0320942,0
583,0.0309919,0
584,0.0317295,0
585,0.0336396,0
586,0.0359095,0
587,0.0377863,0
588,0.0388784,0
589,0.0389312,0
590,0.0377344,0
591,0.0352305,0
592,0.0317645,0
593,0.0278319,0
594,0.0236631,0
595,0.0195168,0
596,0.0154276,0
597,0.0112105,0
598,0.01,0
599,0.01,0
600,0.01,0
601,0.01,0
602,0.01,0
603,0.01,0
604,0.01,0
605,0.01,0
606,0.01,0
607,0.01,0
608,0.01,0
609,0.01,0
610,0.01,0
611,0.01,0
612,0.01,0
613,0.01,0
614,0.01,0
615,0.01,0
616,0.0166498,0
617,0.036362,0
618,0.063877,0
619,0.102765,0
620,0.159224,0
621,0.241157,0
622,0.36052,0
623,0.527837,0
624,0.753409,0
625,1.05156,0
626,1.4298,0
627,1.89071,0
628,2.41948,0
629,2.96671,0
630,3.46424,0
631,3.85611,0
632,4.09071,0
633,4.13901,0
634,4.00433,0
635,3.71805,0
636,3.33211,0
637,2.89312,0
638,2.44398,0
639,2.0177,0
640,1.63374,0
641,1.2991,0
642,1.01662,0
643,0.784398,0
644,0.59755,0
645,0.450058,0
646,0.335287,0
647,0.247436,0
648,0.181338,0
649,0.132373,0
650,0.096684,0
651,0.071147,0
652,0.0534113,0
653,0.0416756,0
654,0.0345828,0
655,0.0310279,0
656,0.0300354,0
657,0.0307817,0
658,0.0325222,0
659,0.0345512,0
660,0.0363212,0
661,0.0373174,0
662,0.0372084,0
663,0.0359678,0
664,0.0336446,0
665,0.0304898,0
666,0.0267429,0
667,0.022602,0
668,0.0183677,0
669,0.0142062,0
670,0.0101509,0
671,0.01,0
672,0.01,0
673,0.01,0
674,0.01,0
675,0.01,0
676,0.01,0
677,0.01,0
678,0.01,0
679,0.01,0
680,0.01,0
681,0.01,0
682,0.01,0
683,0.01,0
684,0.01,0
685,0.01,0
686,0.01,0
687,0.01,0
688,0.01,0
689,0.0174215,0
690,0.0368793,0
691,0.064288,0
692,0.102545,0
693,0.155967,0
694,0.232215,0
695,0.340777,0
696,0.49708,0
697,0.718171,0
698,1.01664,0
699,1.40836,0
700,1.88766,0
701,2.41919,0
702,2.94609,0
703,3.41498,0
704,3.78751,0
705,4.01041,0
706,4.05458,0
707,3.92281,0
708,3.64808,0
709,3.275,0
710,2.85145,0
711,2.41734,0
712,1.99886,0
713,1.6167,0
714,1.28508,0
715,1.00638,0
716,0.776906,0
717,0.591656,0
718,0.445184,0
719,0.33147,0
720,0.244577,0
721,0.179202,0
722,0.130807,0
723,0.09556,0
724,0.070469,0
725,0.0531971,0
726,0.0417985,0
727,0.0348277,0
728,0.031261,0
729,0.0303398,0
730,0.0311451,0
731,0.0328685,0
732,0.0347906,0
733,0.0363398,0
734,0.0371358,0
735,0.0368118,0
736,0.0352518,0
737,0.0326656,0
738,0.0295055,0
739,0.0260052,0
740,0.022293,0
741,0.018432,0
742,0.0143417,0
743,0.0100532,0
744,0.01,0
745,0.01,0
746,0.01,0
747,0.01,0
748,0.01,0
749,0.01,0
750,0.01,0
751,0.01,0
752,0.01,0
753,0.01,0
754,0.01,0
755,0.01,0
756,0.01,0
757,0.01,0
758,0.01,0
759,0.01,0
760,0.01,0
761,0.01,0
762,0.0154809,0
763,0.0338692,0
764,0.060339,0
765,0.09876,0
766,0.15263,0
767,0.225314,0
768,0.327739,0
769,0.479698,0
770,0.69758,0
771,0.99266,0
772,1.36987,0
773,1.82409,0
774,2.33182,0
775,2.85359,0
776,3.34322,0
777,3.73301,0
778,3.96143,0
779,4.0014,0
780,3.86812,0
781,3.59927,0
782,3.23729,0
783,2.82295,0
784,2.39323,0
785,1.98077,0
786,1.60591,0
787,1.27829,0
788,1.00114,0
789,0.773,0
790,0.589223,0
791,0.443717,0
792,0.330524,0
793,0.243949,0
794,0.178769,0
795,0.130442,0
796,0.095173,0
797,0.069915,0
798,0.0523309,0
799,0.040727,0
800,0.0338088,0
801,0.0304344,0
802,0.0295189,0
803,0.0302842,0
804,0.0322467,0
805,0.0347114,0
806,0.0367986,0
807,0.0378047,0
808,0.0374249,0
809,0.0357575,0
810,0.0330716,0
811,0.0296218,0
812,0.0257144,0
813,0.0216183,0
814,0.0175426,0
815,0.0136837,0
816,0.01,0
817,0.01,0
818,0.01,0
819,0.01,0
820,0.01,0
821,0.01,0
822,0.01,0
823,0.01,0
824,0.01,0
825,0.01,0
826,0.01,0
827,0.01,0
828,0.01,0
829,0.01,0
830,0.01,0
831,0.01,0
832,0.01,0
833,0.01,0
834,0.01,0
835,0.0160589,0
836,0.0357683,0
837,0.063107,0
838,0.100175,0
839,0.152375,0
840,0.229296,0
841,0.34101,0
842,0.50069,0
843,0.720255,0
844,1.01029,0
845,1.38627,0
846,1.84094,0
847,2.3511,0
848,2.87282,0
849,3.34457,0
850,3.72373,0
851,3.95633,0
852,4.011,0
853,3.8871,0
854,3.61636,0
855,3.24543,0
856,2.82408,0
857,2.39164,0
858,1.97705,0
859,1.59982,0
860,1.27066,0
861,0.99392,0
862,0.766431,0
863,0.58287,0
864,0.43799,0
865,0.326031,0
866,0.24076,0
867,0.176554,0
868,0.128855,0
869,0.094052,0
870,0.069238,0
871,0.0520442,0
872,0.0405466,0
873,0.0334249,0
874,0.0297607,0
875,0.0287784,0
876,0.0295498,0
877,0.0313091,0
878,0.0334622,0
879,0.0353277,0
880,0.03637,0
881,0.0362106,0
882,0.0347146,0
883,0.0319592,0
884,0.0284583,0
885,0.0245969,0
886,0.0205453,0
887,0.016506,0
888,0.0124975,0
889,0.01,0
890,0.01,0
891,0.01,0
892,0.01,0
893,0.01,0
894,0.01,0
895,0.01,0
896,0.01,0
897,0.01,0
898,0.01,0
899,0.01,0
900,0.01,0
901,0.01,0
902,0.01,0
903,0.01,0
904,0.01,0
905,0.01,0
906,0.01,0
907,0.01,0
908,0.0136677,0
909,0.0324515,0
910,0.0595433,0
911,0.098222,0
912,0.152332,0
913,0.229097,0
914,0.337542,0
915,0.48751,0
916,0.69288,0
917,0.971,0
918,1.33873,0
919,1.79208,0
920,2.30704,0
921,2.84528,0
922,3.34015,0
923,3.71976,0
924,3.936,0
925,3.97477,0
926,3.84322,0
927,3.56836,0
928,3.19513,0
929,2.77426,0
930,2.34584,0
931,1.93959,0
932,1.57208,0
933,1.25177,0
934,0.98116,0
935,0.758285,0
936,0.578224,0
937,0.435505,0
938,0.324317,0
939,0.239258,0
940,0.175235,0
941,0.12781,0
942,0.093191,0
943,0.068454,0
944,0.0513339,0
945,0.0399992,0
946,0.0330608,0
947,0.0295087,0
948,0.0285031,0
949,0.0292731,0
950,0.0311064,0
951,0.0332534,0
952,0.0351235,0
953,0.0362513,0
954,0.036292,0
955,0.0350598,0
956,0.0327093,0
957,0.0295899,0
958,0.0258533,0
959,0.0215657,0
960,0.0169716,0
961,0.0124103,0
962,0.01,0
963,0.01,0
964,0.01,0
965,0.01,0
966,0.01,0
967,0.01,0
968,0.01,0
969,0.01,0
970,0.01,0
971,0.01,0
972,0.01,0
973,0.01,0
974,0.01,0
975,0.01,0
976,0.01,0
977,0.01,0
978,0.01,0
979,0.01,0
980,0.01,0
981,0.0128719,0
982,0.0304381,0
983,0.0555329,0
984,0.091572,0
985,0.143633,0
986,0.218574,0
987,0.325415,0
988,0.476805,0
989,0.683432,0
990,0.957373,0
991,1.31379,0
992,1.75647,0
993,2.2578,0
994,2.77448,0
995,3.25346,0
996,3.6285,0
997,3.85041,0
998,3.90608,0
999,3.79706,0
1000,3.54034,0
1001,3.1797,0
1002,2.76674,0
1003,2.34278,0
1004,1.93703,0
1005,1.56916,0
1006,1.24831,0
1007,0.97646,0
1008,0.752625,0
1009,0.572973,0
1010,0.431452,0
1011,0.321712,0
1012,0.237833,0
1013,0.174679,0
1014,0.127734,0
1015,0.09337,0
1016,0.068795,0
1017,0.0517916,0
1018,0.0406674,0
1019,0.0340032,0
1020,0.0306506,0
1021,0.02957,0
1022,0.0300909,0
1023,0.03157,0
1024,0.0332289,0
1025,0.034621,0
1026,0.0353597,0
1027,0.0351202,0
1028,0.0337703,0
1029,0.0312896,0
1030,0.0280659,0
1031,0.0245387,0
1032,0.0208763,0
1033,0.0169977,0
1034,0.0130321,0
1035,0.01,0
1036,0.01,0
1037,0.01,0
1038,0.01,0
1039,0.01,0
1040,0.01,0
1041,0.01,0
1042,0.01,0
1043,0.01,0
1044,0.01,0
1045,0.01,0
1046,0.01,0
1047,0.01,0
1048,0.01,0
1049,0.01,0
1050,0.01,0
1051,0.01,0
1052,0.01,0
1053,0.01,0
1054,0.0145083,0
1055,0.0332661,0
1056,0.0591092,0
1057,0.095618,0
1058,0.147405,0
1059,0.221305,0
1060,0.327327,0
1061,0.478928,0
1062,0.68935,0
1063,0.96955,0
1064,1.32973,0
1065,1.77451,0
1066,2.28153,0
1067,2.8004,0
1068,3.27461,0
1069,3.64684,0
1070,3.87205,0
1071,3.91682,0
1072,3.78897,0
1073,3.52517,0
1074,3.16732,0
1075,2.75696,0
1076,2.33431,0
1077,1.93187,0
1078,1.5666,0
1079,1.24776,0
1080,0.97758,0
1081,0.754539,0
1082,0.574718,0
1083,0.432503,0
1084,0.322051,0
1085,0.237705,0
1086,0.174245,0
1087,0.12716,0
1088,0.092799,0
1089,0.06824,0
1090,0.0511947,0
1091,0.0400016,0
1092,0.0331827,0
1093,0.0295234,0
1094,0.0282409,0
1095,0.0288526,0
1096,0.0306531,0
1097,0.0328525,0
1098,0.0346643,0
1099,0.0355177,0
1100,0.0351443,0
1101,0.0335855,0
1102,0.0311036,0
1103,0.0279716,0
1104,0.0244875,0
1105,0.0206621,0
1106,0.0165354,0
1107,0.0123399,0
1108,0.01,0
1109,0.01,0
1110,0.01,0
1111,0.01,0
1112,0.01,0
1113,0.01,0
1114,0.01,0
1115,0.01,0
1116,0.01,0
1117,0.01,0
1118,0.01,0
1119,0.01,0
1120,0.01,0
1121,0.01,0
1122,0.01,0
1123,0.01,0
1124,0.01,0
1125,0.01,0
1126,0.01,0
1127,0.0132461,0
1128,0.0307658,0
1129,0.0556776,0
1130,0.090976,0
1131,0.141269,0
1132,0.213901,0
1133,0.319402,0
1134,0.470742,0
1135,0.680081,0
1136,0.958076,0
1137,1.31382,0
1138,1.75276,0
1139,2.25818,0
1140,2.78335,0
1141,3.26219,0
1142,3.63052,0
1143,3.85087,0
1144,3.89758,0
1145,3.77024,0
1146,3.50121,0
1147,3.14483,0
1148,2.74074,0
1149,2.32415,0
1150,1.92353,0
1151,1.55924,0
1152,1.24041,0
1153,0.97084,0
1154,0.749344,0
1155,0.571376,0
1156,0.430682,0
1157,0.321047,0
1158,0.236948,0
1159,0.17351,0
1160,0.126426,0
1161,0.091995,0
1162,0.067328,0
1163,0.0502371,0
1164,0.0389975,0
1165,0.032197,0
1166,0.0287353,0
1167,0.0277338,0
1168,0.028519,0
1169,0.0303295,0
1170,0.0324543,0
1171,0.0342765,0
1172,0.0351894,0
1173,0.0349652,0
1174,0.0335263,0
1175,0.0309946,0
1176,0.0276421,0
1177,0.0237231,0
1178,0.0194816,0
1179,0.0152751,0
1180,0.0112176,0
1181,0.01,0
1182,0.01,0
1183,0.01,0
1184,0.01,0
1185,0.01,0
1186,0.01,0
1187,0.01,0
1188,0.01,0
1189,0.01,0
1190,0.01,0
1191,0.01,0
1192,0.01,0
1193,0.01,0
1194,0.01,0
1195,0.01,0
1196,0.01,0
1197,0.01,0
1198,0.01,0
1199,0.01,0
1200,0.0124072,0
1201,0.0290525,0
1202,0.0524547,0
1203,0.086441,0
1204,0.135309,0
1205,0.205049,0
1206,0.306594,0
1207,0.453232,0
1208,0.659507,0
1209,0.934409,0
1210,1.28444,0
1211,1.70857,0
1212,2.18063,0
1213,2.66569,0
1214,3.1217,0
1215,3.49544,0
1216,3.73094,0
1217,3.79682,0
1218,3.69578,0
1219,3.45032,0
1220,3.10127,0
1221,2.69975,0
1222,2.28899,0
1223,1.8971,0
1224,1.54036,0
1225,1.228,0
1226,0.96266,0
1227,0.743367,0
1228,0.566221,0
1229,0.426262,0
1230,0.317414,0
1231,0.234008,0
1232,0.171084,0
1233,0.124484,0
1234,0.090632,0
1235,0.066466,0
1236,0.0497166,0
1237,0.0386647,0
1238,0.031992,0
1239,0.0287522,0
1240,0.0280453,0
1241,0.0290016,0
1242,0.0307967,0
1243,0.032859,0
1244,0.0345898,0
1245,0.0353996,0
1246,0.0349157,0
1247,0.0332055,0
1248,0.030599,0
1249,0.027422,0
1250,0.023758,0
1251,0.0196735,0
1252,0.0154625,0
1253,0.0112657,0
1254,0.01,0
1255,0.01,0
1256,0.01,0
1257,0.01,0
1258,0.01,0
1259,0.01,0
1260,0.01,0
1261,0.01,0
1262,0.01,0
1263,0.01,0
1264,0.01,0
1265,0.01,0
1266,0.01,0
1267,0.01,0
1268,0.01,0
1269,0.01,0
1270,0.01,0
1271,0.01,0
1272,0.01,0
1273,0.0132094,0
1274,0.0319344,0
1275,0.058195,0
1276,0.09533,0
1277,0.148597,0
1278,0.222902,0
1279,0.322798,0
1280,0.462945,0
1281,0.665833,0
1282,0.941745,0
1283,1.29188,0
1284,1.71806,0
1285,2.21022,0
1286,2.73174,0
1287,3.22359,0
1288,3.61989,0
1289,3.85651,0
1290,3.91034,0
1291,3.79064,0
1292,3.52436,0
1293,3.15913,0
1294,2.74223,0
1295,2.31686,0
1296,1.91314,0
1297,1.54901,0
1298,1.23258,0
1299,0.96594,0
1300,0.746444,0
1301,0.569633,0
1302,0.429645,0
1303,0.3205,0
1304,0.236801,0
1305,0.173433,0
1306,0.126124,0
1307,0.091518,0
1308,0.066828,0
1309,0.0497754,0
1310,0.0385146,0
1311,0.0317171,0
1312,0.0283136,0
1313,0.0273853,0
1314,0.0281209,0
1315,0.0298549,0
1316,0.0319938,0
1317,0.0338728,0
1318,0.034914,0
1319,0.0348701,0
1320,0.0337552,0
1321,0.0315053,0
1322,0.0283803,0
1323,0.0247047,0
1324,0.0206142,0
1325,0.0163708,0
1326,0.0120742,0
1327,0.01,0
1328,0.01,0
1329,0.01,0
1330,0.01,0
1331,0.01,0
1332,0.01,0
1333,0.01,0
1334,0.01,0
1335,0.01,0
1336,0.01,0
1337,0.01,0
1338,0.01,0
1339,0.01,0
1340,0.01,0
1341,0.01,0
1342,0.01,0
1343,0.01,0
1344,0.01,0
1345,0.01,0
1346,0.0117178,0
1347,0.0289837,0
1348,0.0540229,0
1349,0.089955,0
1350,0.140135,0
1351,0.210784,0
1352,0.313214,0
1353,0.461241,0
1354,0.667554,0
1355,0.941192,0
1356,1.28576,0
1357,1.70403,0
1358,2.18921,0
1359,2.69973,0
1360,3.16966,0
1361,3.54075,0
1362,3.77051,0
1363,3.83421,0
1364,3.73526,0
1365,3.49069,0
1366,3.14137,0
1367,2.73432,0
1368,2.31218,0
1369,1.9079,0
1370,1.54322,0
1371,1.227,0
1372,0.96076,0
1373,0.741541,0
1374,0.565085,0
1375,0.425748,0
1376,0.317596,0
1377,0.23478,0
1378,0.172128,0
1379,0.125485,0
1380,0.091405,0
1381,0.06714,0
1382,0.0503536,0
1383,0.039182,0
1384,0.0322891,0
1385,0.0288076,0
1386,0.0279177,0
1387,0.0286801,0
1388,0.0302779,0
1389,0.0321944,0
1390,0.0339383,0
1391,0.0348931,0
1392,0.0346105,0
1393,0.0330705,0
1394,0.0305636,0
1395,0.0273922,0
1396,0.0236888,0
1397,0.0196573,0
1398,0.0154893,0
1399,0.0111997,0
1400,0.01,0
1401,0.01,0
1402,0.01,0
1403,0.01,0
1404,0.01,0
1405,0.01,0
1406,0.01,0
1407,0.01,0
1408,0.01,0
1409,0.01,0
1410,0.01,0
1411,0.01,0
1412,0.01,0
1413,0.01,0
1414,0.01,0
1415,0.01,0
1416,0.01,0
1417,0.01,0
1418,0.01,0
1419,0.0119245,0
1420,0.0293768,0
1421,0.0545661,0
1422,0.091619,0
1423,0.143687,0
1424,0.214272,0
1425,0.312095,0
1426,0.448111,0
1427,0.635119,0
1428,0.888214,0
1429,1.22165,0
1430,1.64307,0
1431,2.14351,0
1432,2.67952,0
1433,3.18048,0
1434,3.57585,0
1435,3.8112,0
1436,3.86367,0
1437,3.74631,0
1438,3.49013,0
1439,3.13305,0
1440,2.72256,0
1441,2.30106,0
1442,1.89992,0
1443,1.53869,0
1444,1.22469,0
1445,0.959382,0
1446,0.740888,0
1447,0.565102,0
1448,0.425953,0
1449,0.317506,0
1450,0.23429,0
1451,0.171485,0
1452,0.124915,0
1453,0.090946,0
1454,0.06664,0
1455,0.0497286,0
1456,0.0385185,0
1457,0.0317638,0
1458,0.0283358,0
1459,0.0272382,0
1460,0.0278386,0
1461,0.029578,0
1462,0.0318229,0
1463,0.0338636,0
1464,0.0350103,0
1465,0.0349231,0
1466,0.033563,0
1467,0.0310513,0
1468,0.0278207,0
1469,0.0241084,0
1470,0.0200286,0
1471,0.015811,0
1472,0.0116023,0
1473,0.01,0
1474,0.01,0
1475,0.01,0
1476,0.01,0
1477,0.01,0
1478,0.01,0
1479,0.01,0
1480,0.01,0
1481,0.01,0
1482,0.01,0
1483,0.01,0
1484,0.01,0
1485,0.01,0
1486,0.01,0
1487,0.01,0
1488,0.01,0
1489,0.01,0
1490,0.01,0
1491,0.01,0
1492,0.0123165,0
1493,0.0298176,0
1494,0.0544639,0
1495,0.089449,0
1496,0.138992,0
1497,0.208294,0
1498,0.308448,0
1499,0.454675,0
1500,0.662637,0
1501,0.945122,0
1502,1.30102,0
1503,1.72417,0
1504,2.19274,0
1505,2.67975,0
1506,3.1433,0
1507,3.52713,0
1508,3.77247,0
1509,3.83988,0
1510,3.73281,0
1511,3.48055,0
1512,3.12907,0
1513,2.72414,0
1514,2.30451,0
1515,1.90413,0
1516,1.54282,0
1517,1.22857,0
1518,0.96292,0
1519,0.743926,0
1520,0.567205,0
1521,0.427063,0
1522,0.31798,0
1523,0.234526,0
1524,0.171597,0
1525,0.124899,0
1526,0.090956,0
1527,0.066803,0
1528,0.0500335,0
1529,0.0389051,0
1530,0.032056,0
1531,0.0285121,0
1532,0.0275054,0
1533,0.0282914,0
1534,0.0299651,0
1535,0.0317377,0
1536,0.0331839,0
1537,0.0338784,0
1538,0.0335951,0
1539,0.0322693,0
1540,0.0299177,0
1541,0.0267208,0
1542,0.0230617,0
1543,0.0190832,0
1544,0.0149096,0
1545,0.0107192,0
1546,0.01,0
1547,0.01,0
1548,0.01,0
1549,0.01,0
1550,0.01,0
1551,0.01,0
1552,0.01,0
1553,0.01,0
1554,0.01,0
1555,0.01,0
1556,0.01,0
1557,0.01,0
1558,0.01,0
1559,0.01,0
1560,0.01,0
1561,0.01,0
1562,0.01,0
1563,0.01,0
1564,0.01,0
1565,0.0115551,0
1566,0.0278138,0
1567,0.0512103,0
1568,0.08553,0
1569,0.134514,0
1570,0.204315,0
1571,0.302458,0
1572,0.439126,0
1573,0.630989,0
1574,0.898167,0
1575,1.25126,0
1576,1.68072,0
1577,2.16156,0
1578,2.65074,0
1579,3.09955,0
1580,3.46282,0
1581,3.68921,0
1582,3.75068,0
1583,3.65237,0
1584,3.41969,0
1585,3.08843,0
1586,2.69909,0
1587,2.29101,0
1588,1.89763,0
1589,1.53888,0
1590,1.22456,0
1591,0.958574,0
1592,0.739386,0
1593,0.562938,0
1594,0.423761,0
1595,0.31558,0
1596,0.232691,0
1597,0.17021,0
1598,0.123888,0
1599,0.090146,0
1600,0.066083,0
1601,0.0494441,0
1602,0.0384739,0
1603,0.0318964,0
1604,0.0286095,0
1605,0.0276551,0
1606,0.0282529,0
1607,0.0297214,0
1608,0.0315559,0
1609,0.0333023,0
1610,0.034478,0
1611,0.0345567,0
1612,0.0332069,0
1613,0.0306325,0
1614,0.0272525,0
1615,0.0233314,0
1616,0.0191731,0
1617,0.0150159,0
1618,0.0108303,0
1619,0.01,0
1620,0.01,0
1621,0.01,0
1622,0.01,0
1623,0.01,0
1624,0.01,0
1625,0.01,0
1626,0.01,0
1627,0.01,0
1628,0.01,0
1629,0.01,0
1630,0.01,0
1631,0.01,0
1632,0.01,0
1633,0.01,0
1634,0.01,0
1635,0.01,0
1636,0.01,0
1637,0.01,0
1638,0.0112673,0
1639,0.0282673,0
1640,0.0520561,0
1641,0.086832,0
1642,0.137241,0
1643,0.207828,0
1644,0.306541,0
1645,0.446876,0
1646,0.644579,0
1647,0.909515,0
1648,1.24772,0
1649,1.66428,0
1650,2.14456,0
1651,2.6485,0
1652,3.11056,0
1653,3.47278,0
1654,3.69675,0
1655,3.7529,0
1656,3.6492,0
1657,3.40961,0
1658,3.06949,0
1659,2.67492,0
1660,2.26738,0
1661,1.87798,0
1662,1.5233,0
1663,1.21201,0
1664,0.948363,0
1665,0.731362,0
1666,0.556988,0
1667,0.419645,0
1668,0.313035,0
1669,0.231437,0
1670,0.169823,0
1671,0.123925,0
1672,0.090268,0
1673,0.066145,0
1674,0.0494544,0
1675,0.0384645,0
1676,0.0317666,0
1677,0.0282056,0
1678,0.0271062,0
1679,0.0277607,0
1680,0.0294525,0
1681,0.0314693,0
1682,0.0330571,0
1683,0.0337722,0
1684,0.0334447,0
1685,0.0319832,0
1686,0.0295939,0
1687,0.0266228,0
1688,0.0230648,0
1689,0.0190341,0
1690,0.0147789,0
1691,0.0105404,0
1692,0.01,0
1693,0.01,0
1694,0.01,0
1695,0.01,0
1696,0.01,0
1697,0.01,0
1698,0.01,0
1699,0.01,0
1700,0.01,0
1701,0.01,0
1702,0.01,0
1703,0.01,0
1704,0.01,0
1705,0.01,0
1706,0.01,0
1707,0.01,0
1708,0.01,0
1709,0.01,0
1710,0.01,0
1711,0.0114874,0
1712,0.0287281,0
1713,0.0542773,0
1714,0.0914,0
1715,0.143443,0
1716,0.215959,0
1717,0.318051,0
1718,0.464959,0
1719,0.674418,0
1720,0.951916,0
1721,1.29869,0
1722,1.72203,0
1723,2.20859,0
1724,2.70808,0
1725,3.15966,0
1726,3.52433,0
1727,3.76173,0
1728,3.83135,0
1729,3.72971,0
1730,3.48096,0
1731,3.12932,0
1732,2.72798,0
1733,2.31562,0
1734,1.91869,0
1735,1.55519,0
1736,1.23625,0
1737,0.96739,0
1738,0.74664,0
1739,0.568848,0
1740,0.428223,0
1741,0.318663,0
1742,0.234863,0
1743,0.171872,0
1744,0.125289,0
1745,0.091319,0
1746,0.067062,0
1747,0.0503156,0
1748,0.0393505,0
1749,0.032694,0
1750,0.0293096,0
1751,0.0283111,0
1752,0.0288813,0
1753,0.0303853,0
1754,0.0321375,0
1755,0.0335194,0
1756,0.0341674,0
1757,0.033981,0
1758,0.0328644,0
1759,0.0307048,0
1760,0.0276861,0
1761,0.0240789,0
1762,0.0202274,0
1763,0.0161765,0
1764,0.0119931,0
1765,0.01,0
1766,0.01,0
1767,0.01,0
1768,0.01,0
1769,0.01,0
1770,0.01,0
1771,0.01,0
1772,0.01,0
1773,0.01,0
1774,0.01,0
1775,0.01,0
1776,0.01,0
1777,0.01,0
1778,0.01,0
1779,0.01,0
1780,0.01,0
1781,0.01,0
1782,0.01,0
1783,0.01,0
1784,0.0121042,0
1785,0.0296102,0
1786,0.0543956,0
1787,0.090034,0
1788,0.140553,0
1789,0.211026,0
1790,0.310409,0
1791,0.451444,0
1792,0.650631,0
1793,0.920291,0
1794,1.26674,0
1795,1.68836,0
1796,2.17272,0
1797,2.69144,0
1798,3.18023,0
1799,3.56653,0
1800,3.79776,0
1801,3.84988,0
1802,3.72811,0
1803,3.46162,0
1804,3.10343,0
1805,2.6975,0
1806,2.28312,0
1807,1.88775,0
1808,1.52921,0
1809,1.21778,0
1810,0.955443,0
1811,0.739042,0
1812,0.56398,0
1813,0.425061,0
1814,0.316863,0
1815,0.234046,0
1816,0.171528,0
1817,0.124974,0
1818,0.090893,0
1819,0.066497,0
1820,0.0496411,0
1821,0.0385929,0
1822,0.0319655,0
1823,0.0286752,0
1824,0.0277087,0
1825,0.0282975,0
1826,0.029915,0
1827,0.0319087,0
1828,0.0334296,0
1829,0.0340493,0
1830,0.0336609,0
1831,0.0322833,0
1832,0.0300831,0
1833,0.0271117,0
1834,0.0234024,0
1835,0.0192525,0
1836,0.0149942,0
1837,0.010684,0
1838,0.01,0
1839,0.01,0
1840,0.01,0
1841,0.01,0
1842,0.01,0
1843,0.01,0
1844,0.01,0
1845,0.01,0
1846,0.01,0
1847,0.01,0
1848,0.01,0
1849,0.01,0
1850,0.01,0
1851,0.01,0
1852,0.01,0
1853,0.01,0
1854,0.01,0
1855,0.01,0
1856,0.01,0
1857,0.0113589,0
1858,0.0286788,0
1859,0.0532257,0
1860,0.088259,0
1861,0.137585,0
1862,0.206516,0
1863,0.304707,0
1864,0.445918,0
1865,0.640294,0
1866,0.903305,0
1867,1.24982,0
1868,1.66759,0
1869,2.13579,0
1870,2.62459,0
1871,3.09113,0
1872,3.47657,0
1873,3.7152,0
1874,3.7741,0
1875,3.66676,0
1876,3.424,0
1877,3.08416,0
1878,2.68868,0
1879,2.27799,0
1880,1.88383,0
1881,1.52729,0
1882,1.2174,0
1883,0.955261,0
1884,0.738243,0
1885,0.56268,0
1886,0.42345,0
1887,0.315053,0
1888,0.232233,0
1889,0.170032,0
1890,0.124013,0
1891,0.090367,0
1892,0.066267,0
1893,0.0495751,0
1894,0.038602,0
1895,0.0319819,0
1896,0.0285291,0
1897,0.0273561,0
1898,0.0277921,0
1899,0.0292238,0
1900,0.0310711,0
1901,0.0325494,0
1902,0.0332859,0
1903,0.0331386,0
1904,0.0319846,0
1905,0.0298663,0
1906,0.0270177,0
1907,0.0236198,0
1908,0.0196613,0
1909,0.0154102,0
1910,0.0112441,0
1911,0.01,0
1912,0.01,0
1913,0.01,0
1914,0.01,0
1915,0.01,0
1916,0.01,0
1917,0.01,0
1918,0.01,0
1919,0.01,0
1920,0.01,0
1921,0.01,0
1922,0.01,0
1923,0.01,0
1924,0.01,0
1925,0.01,0
1926,0.01,0
1927,0.01,0
1928,0.01,0
1929,0.01,0
1930,0.0122296,0
1931,0.0297568,0
1932,0.053741,0
1933,0.086718,0
1934,0.13314,0
1935,0.19913,0
1936,0.294761,0
1937,0.432411,0
1938,0.6243,0
1939,0.884604,0
1940,1.22487,0
1941,1.64835,0
1942,2.13147,0
1943,2.6352,0
1944,3.10455,0
1945,3.48096,0
1946,3.71751,0
1947,3.77623,0
1948,3.66512,0
1949,3.42208,0
1950,3.0847,0
1951,2.69264,0
1952,2.28518,0
1953,1.89212,0
1954,1.53416,0
1955,1.22183,0
1956,0.957543,0
1957,0.739747,0
1958,0.563724,0
1959,0.424278,0
1960,0.315839,0
1961,0.232883,0
1962,0.170475,0
1963,0.12424,0
1964,0.090496,0
1965,0.066306,0
1966,0.0495056,0
1967,0.0384763,0
1968,0.0318557,0
1969,0.0284931,0
1970,0.0274842,0
1971,0.0281699,0
1972,0.029981,0
1973,0.0321054,0
1974,0.0338308,0
1975,0.0347268,0
1976,0.0345626,0
1977,0.0333225,0
1978,0.0309416,0
1979,0.0276641,0
1980,0.0237695,0
1981,0.0196382,0
1982,0.0155353,0
1983,0.011374,0
1984,0.01,0
1985,0.01,0
1986,0.01,0
1987,0.01,0
1988,0.01,0
1989,0.01,0
1990,0.01,0
1991,0.01,0
1992,0.01,0
1993,0.01,0
1994,0.01,0
1995,0.01,0
1996,0.01,0
1997,0.01,0
1998,0.01,0
1999,0.01,0
2000,0.01,0
2001,0.01,0
2002,0.01,0
2003,0.0128258,0
2004,0.0301196,0
2005,0.0540256,0
2006,0.087808,0
2007,0.138263,0
2008,0.213628,0
2009,0.324922,0
2010,0.482034,0
2011,0.692922,0
2012,0.9679,0
2013,1.31732,0
2014,1.74343,0
2015,2.22908,0
2016,2.72624,0
2017,3.17943,0
2018,3.55182,0
2019,3.79448,0
2020,3.86426,0
2021,3.75855,0
2022,3.50987,0
2023,3.15805,0
2024,2.74823,0
2025,2.32238,0
2026,1.91579,0
2027,1.5487,0
2028,1.23023,0
2029,0.96218,0
2030,0.742454,0
2031,0.565848,0
2032,0.426269,0
2033,0.317641,0
2034,0.234502,0
2035,0.171892,0
2036,0.125478,0
2037,0.091524,0
2038,0.067088,0
2039,0.0500884,0
2040,0.0388903,0
2041,0.0321467,0
2042,0.0286477,0
2043,0.0274648,0
2044,0.0280252,0
2045,0.02976,0
2046,0.0319342,0
2047,0.0337894,0
2048,0.0345387,0
2049,0.0339848,0
2050,0.0324556,0
2051,0.0301428,0
2052,0.0271868,0
2053,0.0235498,0
2054,0.0194081,0
2055,0.0150916,0
2056,0.0109301,0
2057,0.01,0
2058,0.01,0
2059,0.01,0
2060,0.01,0
2061,0.01,0
2062,0.01,0
2063,0.01,0
2064,0.01,0
2065,0.01,0
2066,0.01,0
2067,0.01,0
2068,0.01,0
2069,0.01,0
2070,0.01,0
2071,0.01,0
2072,0.01,0
2073,0.01,0
2074,0.01,0
2075,0.01,0
2076,0.0113848,0
2077,0.029086,0
2078,0.0548584,0
2079,0.091612,0
2080,0.142496,0
2081,0.213588,0
2082,0.313825,0
2083,0.455253,0
2084,0.653838,0
2085,0.926187,0
2086,1.28211,0
2087,1.7094,0
2088,2.18902,0
2089,2.68971,0
2090,3.15576,0
2091,3.52191,0
2092,3.74103,0
2093,3.79878,0
2094,3.69537,0
2095,3.45235,0
2096,3.10652,0
2097,2.70193,0
2098,2.28508,0
2099,1.88861,0
2100,1.53104,0
2101,1.21971,0
2102,0.956203,0
2103,0.738662,0
2104,0.562901,0
2105,0.423823,0
2106,0.315648,0
2107,0.232882,0
2108,0.170485,0
2109,0.124185,0
2110,0.090397,0
2111,0.066291,0
2112,0.049596,0
2113,0.0385634,0
2114,0.0318397,0
2115,0.0284348,0
2116,0.0274856,0
2117,0.028137,0
2118,0.0296981,0
2119,0.031562,0
2120,0.0331945,0
2121,0.0341337,0
2122,0.0339426,0
2123,0.0324641,0
2124,0.0299027,0
2125,0.0265942,0
2126,0.0229792,0
2127,0.0192035,0
2128,0.0151823,0
2129,0.0110206,0
2130,0.01,0
2131,0.01,0
2132,0.01,0
2133,0.01,0
2134,0.01,0
2135,0.01,0
2136,0.01,0
2137,0.01,0
2138,0.01,0
2139,0.01,0
2140,0.01,0
2141,0.01,0
2142,0.01,0
2143,0.01,0
2144,0.01,0
2145,0.01,0
2146,0.01,0
2147,0.01,0
2148,0.01,0
2149,0.0127175,0
2150,0.0303759,0
2151,0.0542743,0
2152,0.087242,0
2153,0.134619,0
2154,0.203402,0
2155,0.301982,0
2156,0.439066,0
2157,0.632595,0
2158,0.9018,0
2159,1.25155,0
2160,1.69102,0
2161,2.1999,0
2162,2.71994,0
2163,3.1829,0
2164,3.53991,0
2165,3.75702,0
2166,3.81072,0
2167,3.6982,0
2168,3.4427,0
2169,3.09288,0
2170,2.69084,0
2171,2.27817,0
2172,1.88563,0
2173,1.5301,0
2174,1.21956,0
2175,0.955772,0
2176,0.737914,0
2177,0.562139,0
2178,0.422962,0
2179,0.314866,0
2180,0.232219,0
2181,0.169925,0
2182,0.123712,0
2183,0.090038,0
2184,0.066028,0
2185,0.0493917,0
2186,0.0383744,0
2187,0.0316647,0
2188,0.0282235,0
2189,0.0271715,0
2190,0.0278618,0
2191,0.0294888,0
2192,0.0313761,0
2193,0.032967,0
2194,0.0338115,0
2195,0.0336019,0
2196,0.032314,0
2197,0.0301305,0
2198,0.027242,0
2199,0.0236539,0
2200,0.0194948,0
2201,0.0152007,0
2202,0.0109535,0
2203,0.01,0
2204,0.01,0
2205,0.01,0
2206,0.01,0
2207,0.01,0
2208,0.01,0
2209,0.01,0
2210,0.01,0
2211,0.01,0
2212,0.01,0
2213,0.01,0
2214,0.01,0
2215,0.01,0
2216,0.01,0
2217,0.01,0
2218,0.01,0
2219,0.01,0
2220,0.01,0
2221,0.01,0
2222,0.0120633,0
2223,0.029353,0
2224,0.0529253,0
2225,0.08595,0
2226,0.133621,0
2227,0.204317,0
2228,0.307646,0
2229,0.45153,0
2230,0.648717,0
2231,0.917006,0
2232,1.26558,6747
2233,1.68921,0
2234,2.17055,0
2235,2.67239,0
2236,3.09947,0
2237,3.3769,0
2238,3.50012,6773
2239,3.48399,0
2240,3.35808,0
2241,3.14095,0
2242,2.84214,0
2243,2.4791,0
2244,2.09349,6775
2245,1.72234,0
2246,1.39081,0
2247,1.10751,0
2248,0.86951,0
2249,0.670883,0
2250,0.509476,0
2251,0.381337,0
2252,0.28231,0
2253,0.207484,0
2254,0.151909,0
2255,0.111037,0
2256,0.081385,0
2257,0.060348,0
2258,0.0458491,0
2259,0.0362938,0
2260,0.0304007,0
2261,0.0272107,0
2262,0.0261218,0
2263,0.0265334,0
2264,0.0278217,0
2265,0.0294511,0
2266,0.0308593,0
2267,0.0316391,0
2268,0.0314994,0
2269,0.0302409,0
2270,0.0280047,0
2271,0.0250265,0
2272,0.021605,0
2273,0.0179407,0
2274,0.0141822,0
2275,0.0103387,0
2276,0.01,0
2277,0.01,0
2278,0.01,0
2279,0.01,0
2280,0.01,0
2281,0.01,0
2282,0.01,0
2283,0.01,0
2284,0.01,0
2285,0.01,0
2286,0.01,0
2287,0.01,0
2288,0.01,0
2289,0.01,0
2290,0.01,0
2291,0.01,0
2292,0.01,0
2293,0.01,0
2294,0.01,0
2295,0.0101656,0
2296,0.0265541,0
2297,0.0503565,0
2298,0.08493,0
2299,0.134039,0
2300,0.202524,0
2301,0.298617,0
2302,0.43575,0
2303,0.627464,0
2304,0.889989,0
2305,1.23623,6739
2306,1.65694,0
2307,2.1326,0
2308,2.62464,0
2309,3.04929,0
2310,3.33491,0
2311,3.46996,6747
2312,3.46,0
2313,3.3268,0
2314,3.10007,0
2315,2.79589,0
2316,2.43788,0
2317,2.06537,6750
2318,1.70756,0
2319,1.38547,0
2320,1.10802,0
2321,0.872693,0
2322,0.674488,0
2323,0.511829,0
2324,0.382266,0
2325,0.282323,0
2326,0.207013,0
2327,0.151333,0
2328,0.110617,0
2329,0.081264,0
2330,0.060373,0
2331,0.0458656,0
2332,0.0362884,0
2333,0.03052,0
2334,0.0274976,0
2335,0.0263427,0
2336,0.026452,0
2337,0.0274398,0
2338,0.0288995,0
2339,0.0303727,0
2340,0.0314247,0
2341,0.0317087,0
2342,0.0309228,0
2343,0.0289773,0
2344,0.0260264,0
2345,0.0224687,0
2346,0.0185678,0
2347,0.0144626,0
2348,0.0102918,0
2349,0.01,0
2350,0.01,0
2351,0.01,0
2352,0.01,0
2353,0.01,0
2354,0.01,0
2355,0.01,0
2356,0.01,0
2357,0.01,0
2358,0.01,0
2359,0.01,0
2360,0.01,0
2361,0.01,0
2362,0.01,0
2363,0.01,0
2364,0.01,0
2365,0.01,0
2366,0.01,0
2367,0.01,0
2368,0.0105983,0
2369,0.0280661,0
2370,0.0533436,0
2371,0.088584,0
2372,0.13707,0
2373,0.205464,0
2374,0.302883,0
2375,0.441348,0
2376,0.633829,0
2377,0.900058,0
2378,1.24726,6641
2379,1.66927,0
2380,2.15931,0
2381,2.67308,0
2382,3.11337,0
2383,3.39754,0
2384,3.52277,6626
2385,3.50466,0
2386,3.37532,0
2387,3.1559,0
2388,2.85223,0
2389,2.48246,0
2390,2.09465,6638
2391,1.72528,0
2392,1.39763,0
2393,1.11742,0
2394,0.880209,0
2395,0.680377,0
2396,0.516991,0
2397,0.387155,0
2398,0.286753,0
2399,0.210596,0
2400,0.153991,0
2401,0.112603,0
2402,0.082692,0
2403,0.061413,0
2404,0.0466437,0
2405,0.03679,0
2406,0.0306081,0
2407,0.0273023,0
2408,0.0262651,0
2409,0.0267324,0
2410,0.0281195,0
2411,0.0297746,0
2412,0.0311957,0
2413,0.0319977,0
2414,0.0318501,0
2415,0.0306629,0
2416,0.0286288,0
2417,0.0259841,0
2418,0.0228044,0
2419,0.0191788,0
2420,0.0151816,0
2421,0.0109515,0
2422,0.01,0
2423,0.01,0
2424,0.01,0
2425,0.01,0
2426,0.01,0
2427,0.01,0
2428,0.01,0
2429,0.01,0
2430,0.01,0
2431,0.01,0
2432,0.01,0
2433,0.01,0
2434,0.01,0
2435,0.01,0
2436,0.01,0
2437,0.01,0
2438,0.01,0
2439,0.01,0
2440,0.01,0
2441,0.0123323,0
2442,0.0302573,0
2443,0.0556291,0
2444,0.090576,0
2445,0.138442,0
2446,0.206092,0
2447,0.301933,0
2448,0.439531,0
2449,0.639657,0
2450,0.914846,0
2451,1.27327,6746
2452,1.72183,0
2453,2.23814,0
2454,2.75283,0
2455,3.17477,0
2456,3.4495,0
2457,3.57467,6736
2458,3.55557,0
2459,3.41795,0
2460,3.18738,0
2461,2.87352,0
2462,2.49646,0
2463,2.10463,6747
2464,1.73431,0
2465,1.40652,0
2466,1.12567,0
2467,0.887695,0
2468,0.686319,0
2469,0.521026,0
2470,0.389699,0
2471,0.288626,0
2472,0.212282,0
2473,0.155583,0
2474,0.114032,0
2475,0.083956,0
2476,0.062487,0
2477,0.0474689,0
2478,0.0373678,0
2479,0.0311136,0
2480,0.0278323,0
2481,0.0267398,0
2482,0.027224,0
2483,0.0286265,0
2484,0.0303262,0
2485,0.0317786,0
2486,0.0325258,0
2487,0.0323769,0
2488,0.0312607,0
2489,0.0292504,0
2490,0.0263324,0
2491,0.0228229,0
2492,0.0189719,0
2493,0.0149457,0
2494,0.0108806,0
2495,0.01,0
2496,0.01,0
2497,0.01,0
2498,0.01,0
2499,0.01,0
2500,0.01,0
2501,0.01,0
2502,0.01,0
2503,0.01,0
2504,0.01,0
2505,0.01,0
2506,0.01,0
2507,0.01,0
2508,0.01,0
2509,0.01,0
2510,0.01,0
2511,0.01,0
2512,0.01,0
2513,0.01,0
2514,0.0130527,0
2515,0.0312671,0
2516,0.0566335,0
2517,0.091865,0
2518,0.141777,0
2519,0.212878,0
2520,0.316168,0
2521,0.464408,0
2522,0.668733,0
2523,0.944614,0
2524,1.31095,6766
2525,1.76815,0
2526,2.28516,0
2527,2.8045,0
2528,3.23742,0
2529,3.51484,0
2530,3.62948,6759
2531,3.59657,0
2532,3.45263,0
2533,3.22481,0
2534,2.91825,0
2535,2.54332,0
2536,2.14775,6768
2537,1.76905,0
2538,1.43276,0
2539,1.14617,0
2540,0.903194,0
2541,0.697482,0
2542,0.52901,0
2543,0.39523,0
2544,0.292292,0
2545,0.214718,0
2546,0.157196,0
2547,0.115021,0
2548,0.084517,0
2549,0.062864,0
2550,0.0478094,0
2551,0.0376859,0
2552,0.0312942,0
2553,0.0279125,0
2554,0.0269167,0
2555,0.0276158,0
2556,0.0292327,0
2557,0.0310768,0
2558,0.0326807,0
2559,0.0336154,0
2560,0.0334518,0
2561,0.0320458,0
2562,0.0296385,0
2563,0.0265817,0
2564,0.0231141,0
2565,0.0193137,0
2566,0.0152513,0
2567,0.0110016,0
2568,0.01,0
2569,0.01,0
2570,0.01,0
2571,0.01,0
2572,0.01,0
2573,0.01,0
2574,0.01,0
2575,0.01,0
2576,0.01,0
2577,0.01,0
2578,0.01,0
2579,0.01,0
2580,0.01,0
2581,0.01,0
2582,0.01,0
2583,0.01,0
2584,0.01,0
2585,0.01,0
2586,0.01,0
2587,0.0118436,0
2588,0.0293828,0
2589,0.0542251,0
2590,0.090069,0
2591,0.142014,0
2592,0.216548,0
2593,0.323723,0
2594,0.475098,0
2595,0.679492,0
2596,0.948898,0
2597,1.29947,6794
2598,1.74257,0
2599,2.26018,0
2600,2.80373,0
2601,3.27255,0
2602,3.56987,0
2603,3.68712,6811
2604,3.64931,0
2605,3.48988,0
2606,3.24507,0
2607,2.92768,0
2608,2.54972,0
2609,2.1513,6814
2610,1.77037,0
2611,1.43255,0
2612,1.14486,0
2613,0.901397,0
2614,0.696185,0
2615,0.527905,0
2616,0.394309,0
2617,0.291892,0
2618,0.214868,0
2619,0.157717,0
2620,0.115684,0
2621,0.085108,0
2622,0.063285,0
2623,0.0481444,0
2624,0.0380271,0
2625,0.0317245,0
2626,0.0283012,0
2627,0.0270553,0
2628,0.0274228,0
2629,0.0289316,0
2630,0.0308215,0
2631,0.0323491,0
2632,0.0330533,0
2633,0.0329887,0
2634,0.0322229,0
2635,0.030475,0
2636,0.0277553,0
2637,0.0244883,0
2638,0.0207447,0
2639,0.0166533,0
2640,0.0125109,0
2641,0.01,0
2642,0.01,0
2643,0.01,0
2644,0.01,0
2645,0.01,0
2646,0.01,0
2647,0.01,0
2648,0.01,0
2649,0.01,0
2650,0.01,0
2651,0.01,0
2652,0.01,0
2653,0.01,0
2654,0.01,0
2655,0.01,0
2656,0.01,0
2657,0.01,0
2658,0.01,0
2659,0.01,0
2660,0.0134801,0
2661,0.0317331,0
2662,0.0570544,0
2663,0.092856,0
2664,0.144678,0
2665,0.220703,0
2666,0.328697,0
2667,0.478569,0
2668,0.686141,0
2669,0.96831,0
2670,1.33297,6788
2671,1.78067,0
2672,2.29935,0
2673,2.83544,0
2674,3.28758,0
2675,3.56915,0
2676,3.68024,6792
2677,3.64981,0
2678,3.50832,0
2679,3.27676,0
2680,2.96168,0
2681,2.57851,0
2682,2.17353,6816
2683,1.78633,0
2684,1.44297,0
2685,1.15199,0
2686,0.906716,0
2687,0.699622,0
2688,0.52994,0
2689,0.395547,0
2690,0.292679,0
2691,0.21541,0
2692,0.158206,0
2693,0.11624,0
2694,0.085769,0
2695,0.063941,0
2696,0.0487421,0
2697,0.0385932,0
2698,0.0321963,0
2699,0.0286141,0
2700,0.0272136,0
2701,0.0275028,0
2702,0.0289066,0
2703,0.0307096,0
2704,0.0323178,0
2705,0.0332194,0
2706,0.0331515,0
2707,0.0319388,0
2708,0.0296266,0
2709,0.026515,0
2710,0.022918,0
2711,0.0190629,0
2712,0.0150967,0
2713,0.0110995,0
2714,0.01,0
2715,0.01,0
2716,0.01,0
2717,0.01,0
2718,0.01,0
2719,0.01,0
2720,0.01,0
2721,0.01,0
2722,0.01,0
2723,0.01,0
2724,0.01,0
2725,0.01,0
2726,0.01,0
2727,0.01,0
2728,0.01,0
2729,0.01,0
2730,0.01,0
2731,0.01,0
2732,0.01,0
2733,0.0137653,0
2734,0.0316166,0
2735,0.0572229,0
2736,0.094394,0
2737,0.147598,0
2738,0.222808,0
2739,0.331443,0
2740,0.487087,0
2741,0.704403,0
2742,0.99595,0
2743,1.36978,6706
2744,1.82402,0
2745,2.33591,0
2746,2.87356,0
2747,3.33971,0
2748,3.63921,0
2749,3.76269,6710
2750,3.72846,0
2751,3.57771,0
2752,3.33143,0
2753,3.0008,0
2754,2.60606,0
2755,2.19493,6725
2756,1.8028,0
2757,1.45513,0
2758,1.16014,0
2759,0.912308,0
2760,0.704424,0
2761,0.534695,0
2762,0.400242,0
2763,0.296974,0
2764,0.219093,0
2765,0.161172,0
2766,0.118514,0
2767,0.087516,0
2768,0.065411,0
2769,0.0500425,0
2770,0.0396714,0
2771,0.0330733,0
2772,0.0295183,0
2773,0.0283455,0
2774,0.0288306,0
2775,0.0301636,0
2776,0.0318185,0
2777,0.0333525,0
2778,0.0343443,0
2779,0.0343875,0
2780,0.0333117,0
2781,0.0312253,0
2782,0.0282441,0
2783,0.0246408,0
2784,0.0207334,0
2785,0.0167225,0
2786,0.0126434,0
2787,0.01,0
2788,0.01,0
2789,0.01,0
2790,0.01,0
2791,0.01,0
2792,0.01,0
2793,0.01,0
2794,0.01,0
2795,0.01,0
2796,0.01,0
2797,0.01,0
2798,0.01,0
2799,0.01,0
2800,0.01,0
2801,0.01,0
2802,0.01,0
2803,0.01,0
2804,0.01,0
2805,0.01,0
2806,0.0156366,0
2807,0.0351307,0
2808,0.062676,0
2809,0.101255,0
2810,0.153765,0
2811,0.226309,0
2812,0.331941,0
2813,0.482419,0
2814,0.693986,0
2815,0.98419,0
2816,1.36001,6730
2817,1.82638,0
2818,2.36239,0
2819,2.91777,0
2820,3.39074,0
2821,3.70071,0
2822,3.83351,6744
2823,3.79374,0
2824,3.62354,0
2825,3.36183,0
2826,3.02259,0
2827,2.62076,0
2828,2.20245,6742
2829,1.80656,0
2830,1.45878,0
2831,1.16457,0
2832,0.917133,0
2833,0.708537,0
2834,0.537601,0
2835,0.401786,0
2836,0.297487,0
2837,0.21917,0
2838,0.161213,0
2839,0.118567,0
2840,0.087464,0
2841,0.065127,0
2842,0.0494053,0
2843,0.0387102,0
2844,0.0320109,0
2845,0.0285597,0
2846,0.0275905,0
2847,0.0282452,0
2848,0.0296936,0
2849,0.0314226,0
2850,0.0328959,0
2851,0.0336875,0
2852,0.033596,0
2853,0.0324853,0
2854,0.030462,0
2855,0.0276818,0
2856,0.0243332,0
2857,0.0206168,0
2858,0.0166004,0
2859,0.0124024,0
2860,0.01,0
2861,0.01,0
2862,0.01,0
2863,0.01,0
2864,0.01,0
2865,0.01,0
2866,0.01,0
2867,0.01,0
2868,0.01,0
2869,0.01,0
2870,0.01,0
2871,0.01,0
2872,0.01,0
2873,0.01,0
2874,0.01,0
2875,0.01,0
2876,0.01,0
2877,0.01,0
2878,0.01,0
2879,0.0122644,0
2880,0.0298266,0
2881,0.0552815,0
2882,0.092003,0
2883,0.144272,0
2884,0.218065,0
2885,0.321083,0
2886,0.464009,0
2887,0.659301,0
2888,0.931282,0
2889,1.29602,6667
2890,1.74113,0
2891,2.2481,0
2892,2.77804,0
2893,3.24331,0
2894,3.5529,0
2895,3.68284,6661
2896,3.65591,0
2897,3.51376,0
2898,3.28111,0
2899,2.96217,0
2900,2.57403,0
2901,2.16916,6659
2902,1.7838,0
2903,1.44249,0
2904,1.1524,0
2905,0.907572,0
2906,0.700922,0
2907,0.531605,0
2908,0.397145,0
2909,0.293922,0
2910,0.216404,0
2911,0.159013,0
2912,0.116781,0
2913,0.086039,0
2914,0.064043,0
2915,0.0487647,0
2916,0.0386169,0
2917,0.0324052,0
2918,0.0291991,0
2919,0.0282548,0
2920,0.0288878,0
2921,0.0303693,0
2922,0.0320989,0
2923,0.0336204,0
2924,0.0344453,0
2925,0.0342876,0
2926,0.0331887,0
2927,0.0311384,0
2928,0.0281541,0
2929,0.0245248,0
2930,0.0206979,0
2931,0.0168287,0
2932,0.0128826,0
2933,0.01,0
2934,0.01,0
2935,0.01,0
2936,0.01,0
2937,0.01,0
2938,0.01,0
2939,0.01,0
2940,0.01,0
2941,0.01,0
2942,0.01,0
2943,0.01,0
2944,0.01,0
2945,0.01,0
2946,0.01,0
2947,0.01,0
2948,0.01,0
2949,0.01,0
2950,0.01,0
2951,0.01,0
2952,0.0154977,0
2953,0.0332425,0
2954,0.0581015,0
2955,0.094257,0
2956,0.147709,0
2957,0.225175,0
2958,0.335085,0
2959,0.488291,0
2960,0.700949,0
2961,0.99077,0
2962,1.36608,0
2963,1.81747,0
2964,2.32548,0
2965,2.85555,0
2966,3.35326,0
2967,3.7563,0
2968,4.00523,0
2969,4.06519,0
2970,3.93846,0
2971,3.65868,0
2972,3.27491,0
2973,2.83875,0
2974,2.39478,0
2975,1.97677,0
2976,1.60069,0
2977,1.27383,0
2978,0.99752,0
2979,0.77015,0
2980,0.586952,0
2981,0.442113,0
2982,0.329524,0
2983,0.243229,0
2984,0.1781,0
2985,0.129757,0
2986,0.094556,0
2987,0.069518,0
2988,0.0521521,0
2989,0.0406361,0
2990,0.0336683,0
2991,0.0302061,0
2992,0.0293292,0
2993,0.0301272,0
2994,0.03189,0
2995,0.0339567,0
2996,0.0357824,0
2997,0.0369844,0
2998,0.0370714,0
2999,0.0358641,0
3000,0.0335965,0
3001,0.0306535,0
3002,0.0271482,0
3003,0.0231348,0
3004,0.0186806,0
3005,0.014053,0
3006,0.01,0
3007,0.01,0
3008,0.01,0
3009,0.01,0
3010,0.01,0
3011,0.01,0
3012,0.01,0
3013,0.01,0
3014,0.01,0
3015,0.01,0
3016,0.01,0
3017,0.01,0
3018,0.01,0
3019,0.01,0
3020,0.01,0
3021,0.01,0
3022,0.01,0
3023,0.01,0
3024,0.01,0
3025,0.0180526,0
3026,0.0374635,0
3027,0.064457,0
3028,0.101158,0
3029,0.152056,0
3030,0.225056,0
3031,0.331619,0
3032,0.486897,0
3033,0.70884,0
3034,1.01586,0
3035,1.41624,0
3036,1.90187,0
3037,2.43175,0
3038,2.95652,0
3039,3.43417,0
3040,3.80425,0
3041,4.02024,0
3042,4.05763,0
3043,3.92368,0
3044,3.64953,0
3045,3.27891,0
3046,2.85546,0
3047,2.41642,0
3048,1.99424,0
3049,1.61096,0
3050,1.27826,0
3051,0.99879,0
3052,0.769762,0
3053,0.585863,0
3054,0.440771,0
3055,0.328373,0
3056,0.242708,0
3057,0.17825,0
3058,0.130402,0
3059,0.095473,0
3060,0.070466,0
3061,0.0530873,0
3062,0.0415343,0
3063,0.0344343,0
3064,0.0307901,0
3065,0.0297015,0
3066,0.0304073,0
3067,0.0321715,0
3068,0.0341882,0
3069,0.0357752,0
3070,0.0365177,0
3071,0.0360576,0
3072,0.0344481,0
3073,0.0319741,0
3074,0.0288282,0
3075,0.0251883,0
3076,0.021279,0
3077,0.0172727,0
3078,0.013221,0
3079,0.01,0
3080,0.01,0
3081,0.01,0
3082,0.01,0
3083,0.01,0
3084,0.01,0
3085,0.01,0
3086,0.01,0
3087,0.01,0
3088,0.01,0
3089,0.01,0
3090,0.01,0
3091,0.01,0
3092,0.01,0
3093,0.01,0
3094,0.01,0
3095,0.01,0
3096,0.01,0
3097,0.01,0
3098,0.015219,0
3099,0.033971,0
3100,0.060035,0
3101,0.096264,0
3102,0.14807,0
3103,0.222871,0
3104,0.330464,0
3105,0.482789,0
3106,0.694547,0
3107,0.98314,0
3108,1.36534,0
3109,1.83761,0
3110,2.36608,0
3111,2.89986,0
3112,3.38,0
3113,3.74099,0
3114,3.94542,0
3115,3.98139,0
3116,3.84974,0
3117,3.57781,0
3118,3.20785,0
3119,2.7888,0
3120,2.36021,0
3121,1.95057,0
3122,1.57913,0
3123,1.2563,0
3124,0.9845,0
3125,0.760684,0
3126,0.579963,0
3127,0.436679,0
3128,0.325202,0
3129,0.23998,0
3130,0.175911,0
3131,0.128437,0
3132,0.09376,0
3133,0.068989,0
3134,0.0517953,0
3135,0.0403836,0
3136,0.0334256,0
3137,0.0298613,0
3138,0.0287443,0
3139,0.0293959,0
3140,0.0311388,0
3141,0.0331548,0
3142,0.0347447,0
3143,0.0356638,0
3144,0.0358658,0
3145,0.0350535,0
3146,0.0330361,0
3147,0.0298591,0
3148,0.0257667,0
3149,0.0212304,0
3150,0.0168073,0
3151,0.0127436,0
3152,0.01,0
3153,0.01,0
3154,0.01,0
3155,0.01,0
3156,0.01,0
3157,0.01,0
3158,0.01,0
3159,0.01,0
3160,0.01,0
3161,0.01,0
3162,0.01,0
3163,0.01,0
3164,0.01,0
3165,0.01,0
3166,0.01,0
3167,0.01,0
3168,0.01,0
3169,0.01,0
3170,0.01,0
3171,0.0135313,0
3172,0.0316366,0
3173,0.0569809,0
3174,0.092771,0
3175,0.144725,0
3176,0.221697,0
3177,0.334054,0
3178,0.492505,0
3179,0.708554,0
3180,0.99285,0
3181,1.35964,0
3182,1.80549,0
3183,2.30131,0
3184,2.80522,0
3185,3.27791,0
3186,3.669,0
3187,3.92003,0
3188,3.98947,0
3189,3.87432,0
3190,3.60924,0
3191,3.2404,0
3192,2.81564,0
3193,2.37872,0
3194,1.96166,0
3195,1.58652,0
3196,1.2621,0
3197,0.98845,0
3198,0.762678,0
3199,0.580729,0
3200,0.437093,0
3201,0.325723,0
3202,0.240571,0
3203,0.176378,0
3204,0.12869,0
3205,0.093843,0
3206,0.068903,0
3207,0.0516027,0
3208,0.040113,0
3209,0.0330586,0
3210,0.0294303,0
3211,0.0283149,0
3212,0.0289872,0
3213,0.0306767,0
3214,0.0326695,0
3215,0.0345331,0
3216,0.0358567,0
3217,0.0360383,0
3218,0.0346897,0
3219,0.0321129,0
3220,0.0286917,0
3221,0.0247855,0
3222,0.0205426,0
3223,0.0161921,0
3224,0.011934,0
3225,0.01,0
3226,0.01,0
3227,0.01,0
3228,0.01,0
3229,0.01,0
3230,0.01,0
3231,0.01,0
3232,0.01,0
3233,0.01,0
3234,0.01,0
3235,0.01,0
3236,0.01,0
3237,0.01,0
3238,0.01,0
3239,0.01,0
3240,0.01,0
3241,0.01,0
3242,0.01,0
3243,0.01,0
3244,0.01528,0
3245,0.0345104,0
3246,0.061915,0
3247,0.100259,0
3248,0.153344,0
3249,0.227643,0
3250,0.333622,0
3251,0.48436,0
3252,0.693396,0
3253,0.97554,0
3254,1.34762,0
3255,1.80648,0
3256,2.33382,0
3257,2.88587,0
3258,3.38188,0
3259,3.75432,0
3260,3.97245,0
3261,4.01744,0
3262,3.88558,0
3263,3.61086,0
3264,3.23647,0
3265,2.81107,0
3266,2.37559,0
3267,1.96163,0
3268,1.58682,0
3269,1.26085,0
3270,0.9859,0
3271,0.759797,0
3272,0.578053,0
3273,0.434727,0
3274,0.32358,0
3275,0.238767,0
3276,0.174845,0
3277,0.127469,0
3278,0.092879,0
3279,0.06806,0
3280,0.0507327,0
3281,0.0392341,0
3282,0.0324151,0
3283,0.0291916,0
3284,0.0285794,0
3285,0.0296922,0
