"Survey","nPatent_1","nPatent_2","nPatent_3","nPatent_4"
1,1732,2580,4670,16111
2,1669,2491,4519,15191
3,1606,2395,4361,14253
4,1537,2312,4156,13360
5,1488,2268,4062,12870
6,1426,2211,3899,12290
7,1423,2132,3685,11676
8,1349,2068,3607,11146
9,1276,2003,3509,10631
10,1250,1950,3403,10216
11,1171,1889,3320,9703
12,1118,1842,3162,9235
13,1072,1738,3034,8804
14,1028,1684,2997,8529
15,1010,1585,2907,8265
16,969,1508,2813,8008
17,938,1456,2722,7716
18,898,1416,2610,7361
19,858,1354,2536,7153
20,842,1365,2458,6984
21,825,1353,2438,6753
22,800,1335,2431,6572
23,795,1336,2395,6474
24,798,1301,2396,6462
25,795,1327,2359,6362
26,796,1344,2359,6416
27,823,1333,2300,6491
28,847,1365,2385,6477
29,876,1402,2444,6558
30,913,1459,2512,6725
31,981,1544,2640,6935
32,1023,1699,2756,7244
33,1074,1776,2909,7565
34,1148,1882,3160,7938
35,1259,2051,3341,8534
36,1406,2191,3578,9057
37,1474,2329,3893,9860
38,1628,2479,4111,10523
39,1718,2616,4362,11213
40,1821,2753,4622,12017
41,1946,2915,4924,12967
42,1997,3054,5106,14123
43,2108,3141,5386,15186
44,2203,3166,5623,16671
45,2294,3264,5868,18097
46,2308,3362,6130,19731
47,2311,3397,6245,21589
48,2361,3553,6476,23346
49,2358,3610,6618,24999
50,2322,3623,6632,26704
51,2379,3589,6741,28283
52,2423,3576,6689,29691
53,2435,3575,6695,30659
54,2440,3492,6599,31233
55,2503,3467,6559,31853
56,2466,3455,6530,32272
57,2471,3419,6471,32394
58,2450,3374,6427,32372
59,2382,3344,6333,32246
60,2346,3346,6231,31944
61,2313,3388,6192,31378
62,2249,3320,6075,30662
63,2250,3287,6036,29802
64,2240,3224,5941,28853
65,2235,3188,5765,27906
66,2241,3133,5701,26882
67,2233,3034,5592,25706
68,2169,3015,5565,24385
69,2131,3001,5493,23328
70,2103,3013,5342,22052
71,2026,2942,5285,20762
72,1971,2914,5205,19495
73,1912,2845,5024,18436
74,1867,2772,5020,17507
75,1781,2691,4916,16421
76,1754,2591,4779,15456
77,1689,2561,4603,14816
78,1566,2476,4434,13854
79,1521,2382,4297,13277
80,1464,2259,4124,12648
81,1373,2170,3980,12047
82,1338,2084,3780,11526
83,1298,2036,3634,10852
84,1183,1956,3503,10407
85,1168,1872,3340,10099
86,1138,1790,3169,9655
87,1086,1718,3093,9353
88,1045,1690,2982,8969
89,991,1645,2865,8472
90,981,1570,2871,8165
91,910,1531,2791,7805
92,891,1462,2750,7462
93,878,1428,2729,7273
94,844,1419,2637,7194
95,801,1449,2589,7056
96,789,1444,2505,6812
97,796,1392,2472,6673
98,809,1374,2420,6593
99,798,1411,2444,6592
100,870,1413,2467,6574
101,892,1440,2496,6587
102,898,1448,2540,6783
103,952,1513,2660,6981
104,993,1584,2738,7217
105,1064,1723,2896,7537
106,1156,1790,3081,8014
107,1199,1869,3245,8393
108,1310,1977,3474,8891
109,1436,2152,3656,9279
110,1541,2358,3912,9962
111,1661,2490,4147,10632
112,1745,2698,4393,11407
113,1827,2804,4608,12303
114,1985,2886,4900,13196
115,2049,3032,5141,14266
116,2110,3190,5404,15490
117,2160,3234,5652,16754
118,2245,3285,5858,18267
119,2325,3330,6129,19922
120,2371,3439,6335,21620
121,2358,3505,6535,23522
122,2464,3492,6589,25322
123,2459,3554,6607,26829
124,2447,3577,6763,28418
125,2422,3584,6766,29619
126,2481,3589,6721,30626
127,2466,3563,6713,31351
128,2448,3490,6624,31879
129,2466,3443,6580,32196
130,2410,3385,6463,32486
131,2387,3373,6423,32355
132,2385,3329,6303,32306
133,2410,3303,6298,31871
134,2391,3312,6167,31250
135,2468,3247,6145,30639
136,2423,3215,6078,29908
137,2324,3224,6011,28972
138,2241,3198,5887,27939
139,2202,3132,5839,26895
140,2168,3058,5743,25804
141,2105,3037,5723,24381
142,2033,3014,5531,23368
143,2042,2948,5436,22065
144,1984,2895,5357,20737
145,1916,2844,5259,19547
146,1873,2745,5121,18332
147,1793,2660,4975,17455
148,1794,2605,4825,16455
149,1732,2517,4690,15755
150,1699,2463,4587,14860
151,1621,2446,4459,14016
152,1505,2348,4295,13245
153,1466,2246,4180,12486
154,1446,2173,4026,11857
155,1364,2106,3886,11162
156,1284,2070,3729,10673
157,1248,1949,3586,10120
158,1191,1866,3484,9797
159,1117,1804,3345,9417
160,1116,1704,3139,9002
161,1087,1660,3014,8645
162,1066,1644,2910,8371
163,1005,1619,2796,7988
164,1009,1553,2668,7687
165,953,1548,2596,7542
166,932,1459,2551,7254
167,880,1427,2491,7022
168,855,1392,2496,6894
169,873,1344,2434,6758
170,849,1346,2409,6728
171,858,1289,2424,6645
172,851,1283,2453,6541
173,901,1352,2450,6613
174,909,1378,2488,6621
175,969,1438,2557,6782
176,979,1483,2643,6860
177,1046,1572,2739,7184
178,1087,1672,2868,7552
179,1152,1826,3058,7853
180,1250,1935,3272,8253
181,1331,2094,3437,8730
182,1439,2211,3748,9381
183,1549,2356,3980,10027
184,1649,2472,4181,10640
185,1747,2604,4449,11445
186,1864,2702,4610,12281
187,1982,2866,4809,13184
188,2035,3052,5048,14294
189,2045,3144,5372,15513
190,2118,3238,5620,16836
191,2213,3415,5833,18460
192,2261,3413,6047,19986
193,2344,3469,6283,21807
194,2389,3538,6407,23574
195,2419,3541,6567,25470
196,2412,3554,6664,27014
197,2437,3574,6706,28564
198,2387,3525,6678,29912
199,2469,3484,6625,30840
200,2458,3477,6523,31778
201,2445,3441,6467,32225
202,2387,3496,6429,32401
203,2345,3509,6366,32488
204,2401,3437,6310,32490
205,2369,3411,6263,32373
206,2372,3399,6226,31979
207,2338,3360,6119,31381
208,2283,3334,6030,30727
209,2240,3302,5989,30028
210,2168,3252,5941,29212
211,2197,3173,5793,27937
212,2169,3147,5807,26913
213,2170,3058,5683,25715
214,2162,3019,5617,24555
215,2192,2924,5403,23330
216,2096,2940,5350,21919
217,2047,2894,5259,20953
218,1944,2820,5140,19757
219,1847,2771,5041,18642
220,1761,2673,4921,17480
221,1760,2651,4831,16646
222,1727,2547,4712,15752
223,1632,2462,4535,14875
224,1560,2390,4413,14028
225,1505,2302,4276,13225
226,1459,2255,4119,12504
227,1401,2133,3945,12006
228,1320,2081,3801,11240
229,1247,2019,3625,10918
230,1200,1897,3509,10363
231,1145,1825,3333,9831
232,1048,1784,3170,9438
233,1058,1700,3135,9023
234,1057,1633,3015,8648
235,1026,1550,2928,8450
236,986,1519,2840,8123
237,960,1467,2783,7800
238,922,1474,2699,7558
239,890,1419,2642,7362
240,871,1430,2564,7060
241,861,1394,2484,6988
242,849,1381,2477,6928
243,827,1348,2433,6783
244,847,1366,2412,6708
245,831,1342,2459,6731
246,812,1398,2445,6793
247,868,1404,2528,6692
248,918,1508,2583,6823
249,942,1525,2641,6945
250,1004,1655,2756,7205
251,1058,1748,2933,7564
252,1145,1845,3083,7955
253,1242,1986,3236,8401
254,1351,2103,3504,8920
255,1427,2272,3737,9533
256,1530,2393,3915,10095
257,1636,2533,4151,10662
258,1721,2625,4385,11545
259,1823,2739,4577,12395
260,1880,2867,4870,13373
261,1981,3025,5095,14331
262,2094,3161,5332,15733
263,2121,3310,5643,17053
264,2163,3382,5975,18479
265,2259,3485,6108,20075
266,2380,3466,6310,21799
267,2396,3552,6436,23628
268,2399,3577,6460,25390
269,2403,3576,6542,26865
270,2433,3548,6533,28473
271,2398,3532,6582,29607
272,2450,3480,6552,30853
273,2527,3508,6518,31710
274,2489,3464,6507,32043
275,2482,3420,6417,32515
276,2474,3431,6414,32550
277,2473,3396,6363,32651
278,2409,3396,6321,32317
279,2357,3329,6261,31999
280,2327,3387,6220,31578
281,2256,3318,6187,30747
282,2258,3267,6043,30000
283,2184,3208,5933,29167
284,2163,3151,5838,28106
285,2168,3129,5791,26801
286,2175,3111,5700,25738
287,2114,3087,5635,24456
288,2115,3019,5507,23353
289,2063,2979,5431,22235
290,2034,2919,5326,21054
291,1907,2864,5136,19782
292,1892,2780,5138,18767
293,1845,2690,4991,17710
294,1751,2652,4912,16677
295,1703,2591,4759,15783
296,1640,2499,4587,14934
297,1590,2380,4445,14143
298,1499,2334,4244,13405
299,1410,2238,4082,12837
300,1319,2149,3927,12188
301,1289,2025,3761,11489
302,1223,1995,3570,11015
303,1215,1929,3530,10618
304,1116,1905,3356,10161
305,1097,1909,3228,9622
306,1069,1783,3141,9103
307,1014,1668,3001,8698
308,993,1600,2903,8493
309,962,1578,2772,8180
310,921,1528,2697,7794
311,906,1462,2643,7572
312,880,1375,2559,7399
313,864,1370,2525,7184
314,838,1395,2518,6970
315,836,1362,2479,6835
316,823,1348,2430,6748
317,811,1366,2433,6623
318,842,1393,2471,6626
319,835,1422,2471,6674
320,909,1450,2526,6726
321,905,1529,2582,6850
322,932,1571,2670,6910
323,962,1636,2716,7232
324,1008,1784,2906,7588
325,1068,1836,2987,7887
326,1206,1943,3171,8290
327,1271,2101,3406,8911
328,1382,2271,3603,9454
329,1525,2405,3895,9985
330,1639,2524,4176,10676
331,1718,2658,4437,11589
332,1783,2849,4670,12384
333,1832,2911,4889,13331
334,1952,3027,5117,14291
335,2041,3110,5430,15537
336,2096,3196,5665,16964
337,2183,3326,5912,18368
338,2249,3419,6092,20136
339,2322,3491,6328,22033
340,2365,3513,6462,23696
341,2374,3519,6627,25589
342,2380,3592,6665,27233
343,2474,3636,6767,28567
344,2525,3615,6730,29773
345,2492,3609,6654,30882
346,2444,3513,6574,31808
347,2456,3448,6498,32214
348,2432,3443,6426,32537
349,2461,3441,6345,32687
350,2449,3493,6266,32500
351,2398,3460,6234,32387
352,2447,3443,6159,31971
353,2381,3301,6061,31508
354,2307,3261,5953,30696
355,2255,3264,5963,30058
356,2198,3236,5878,29261
357,2204,3194,5858,28274
358,2182,3120,5794,27115
359,2133,3072,5735,25900
360,2114,3046,5657,24612
361,2058,2994,5566,23279
362,2013,2945,5460,22047
363,2006,2856,5265,20724
364,1912,2785,5220,19636
365,1894,2787,5027,18649
366,1801,2735,4902,17610
367,1756,2641,4826,16763
368,1705,2617,4691,15712
369,1607,2506,4560,14924
370,1509,2427,4435,14110
371,1483,2362,4310,13482
372,1435,2295,4153,12621
373,1412,2197,3936,12107
374,1336,2127,3836,11526
375,1271,2028,3682,10960
376,1221,1970,3510,10386
377,1181,1887,3338,10006
378,1128,1815,3216,9488
379,1074,1708,3112,8990
380,1041,1658,2959,8618
381,1019,1629,2876,8342
382,945,1553,2794,8056
383,939,1500,2712,7839
384,925,1477,2650,7682
385,929,1461,2593,7467
386,900,1428,2531,7126
387,850,1399,2411,6969
388,815,1396,2420,6933
389,836,1397,2404,6816
390,850,1401,2425,6806
391,843,1399,2437,6785
392,866,1396,2457,6643
393,887,1464,2479,6722
394,936,1494,2554,6872
395,967,1489,2647,7027
396,1003,1583,2769,7195
397,1061,1664,2902,7550
398,1151,1767,3054,8088
399,1262,1894,3291,8516
400,1351,2054,3512,9012
401,1424,2234,3768,9669
402,1482,2395,3992,10284
403,1559,2506,4218,10914
404,1681,2678,4512,11707
405,1743,2813,4738,12534
406,1849,2978,4910,13410
407,1966,3109,5107,14462
408,2102,3111,5316,15612
409,2154,3171,5652,16959
410,2212,3300,5915,18763
411,2262,3367,6146,20441
412,2321,3498,6303,22177
413,2400,3541,6460,23913
414,2405,3535,6503,25895
415,2437,3544,6569,27491
416,2398,3562,6591,28794
417,2466,3536,6590,30015
418,2504,3558,6545,31112
419,2535,3545,6486,31840
420,2523,3553,6528,32387
421,2521,3528,6471,32670
422,2487,3475,6385,32808
423,2433,3416,6427,32619
424,2421,3390,6338,32215
425,2396,3320,6252,31968
426,2372,3303,6220,31380
427,2323,3196,6106,30780
428,2311,3197,6033,30140
429,2215,3165,5902,29289
430,2211,3111,5880,28197
431,2237,3075,5748,27236
432,2189,3085,5651,25939
433,2163,3057,5597,24705
434,2088,3044,5481,23503
435,2051,3036,5334,22142
436,1963,2979,5273,20971
437,1929,2943,5132,19751
438,1941,2827,5105,18479
439,1902,2789,4999,17636
440,1747,2696,4808,16585
441,1689,2641,4662,15578
442,1634,2564,4497,14850
443,1544,2437,4346,13983
444,1473,2354,4294,13301
445,1446,2191,4131,12614
446,1339,2152,4055,11975
447,1284,2003,3901,11557
448,1268,1967,3677,10929
449,1208,1908,3561,10541
450,1128,1823,3479,9959
451,1115,1767,3343,9544
452,1077,1656,3219,9158
453,1029,1614,3085,8710
454,1004,1582,2957,8404
455,993,1524,2807,8014
456,984,1478,2728,7777
457,953,1472,2696,7616
458,925,1439,2569,7443
459,868,1460,2525,7256
460,856,1392,2512,7096
461,845,1378,2461,6927
462,855,1320,2503,6962
463,865,1326,2472,6830
464,861,1340,2434,6898
465,909,1425,2479,6782
466,932,1431,2520,6832
467,972,1483,2552,6967
468,1006,1534,2647,7082
469,1085,1565,2671,7361
470,1163,1674,2866,7578
471,1174,1781,3034,8061
472,1281,1946,3161,8501
473,1373,2046,3389,9020
474,1426,2225,3665,9510
475,1546,2368,3878,10083
476,1630,2499,4137,10698
477,1743,2604,4464,11453
478,1891,2793,4722,12325
479,1962,2936,4965,13387
480,2020,3096,5207,14490
481,2076,3180,5374,15749
482,2135,3281,5619,17213
483,2199,3389,5804,18677
484,2265,3401,6049,20302
485,2300,3465,6218,22136
486,2337,3489,6361,23880
487,2397,3474,6503,25616
488,2432,3497,6559,27153
489,2416,3524,6619,28637
490,2400,3536,6683,29837
491,2440,3510,6691,30783
492,2502,3533,6713,31491
493,2486,3503,6662,32112
494,2512,3469,6549,32559
495,2504,3467,6500,32702
496,2485,3452,6434,32508
497,2456,3347,6323,32539
498,2400,3309,6239,32078
499,2347,3282,6109,31543
500,2312,3255,6039,30864
501,2281,3213,5981,30202
502,2285,3163,5907,29257
503,2285,3089,5816,28130
504,2252,3072,5770,26978
505,2229,3035,5730,25941
506,2114,3004,5665,24574
507,2092,2995,5592,23303
508,2027,3009,5478,22277
509,2011,2880,5308,21134
510,1961,2863,5214,19841
511,1918,2800,5053,18751
512,1824,2736,4892,17578
513,1770,2629,4813,16551
514,1712,2520,4667,15657
515,1637,2439,4534,14807
516,1570,2384,4410,14126
517,1520,2276,4257,13402
518,1493,2196,4145,12732
519,1410,2123,4025,12160
520,1357,2062,3809,11591
521,1260,1956,3658,11099
522,1271,1891,3539,10672
523,1201,1833,3474,9997
524,1163,1763,3299,9539
525,1122,1722,3154,9131
526,1068,1669,3041,8753
527,1047,1630,2960,8406
528,970,1554,2887,8141
529,938,1476,2758,7926
530,933,1461,2753,7594
531,902,1399,2633,7445
532,906,1371,2615,7223
533,846,1364,2525,7098
534,841,1340,2552,7021
535,835,1329,2462,6844
536,831,1312,2454,6823
537,848,1318,2442,6824
538,863,1379,2428,6789
539,869,1458,2462,6862
540,917,1477,2577,7003
541,974,1530,2662,7243
542,1037,1613,2755,7375
543,1065,1751,2924,7795
544,1175,1911,3051,8053
545,1273,2041,3245,8447
546,1383,2226,3498,8982
547,1510,2383,3774,9593
548,1619,2471,3988,10312
549,1702,2568,4178,11064
550,1719,2680,4401,11817
551,1874,2849,4607,12643
552,1916,2939,4916,13759
553,1967,3070,5170,14591
554,2018,3155,5433,15904
555,2142,3243,5691,17244
556,2232,3337,5901,18835
557,2322,3419,6128,20479
558,2380,3430,6366,22018
559,2432,3505,6483,24048
560,2472,3561,6590,25771
561,2497,3522,6651,27310
562,2462,3475,6629,28710
563,2427,3543,6703,30021
564,2444,3478,6601,31040
565,2508,3494,6671,31694
566,2451,3469,6558,32276
567,2506,3422,6528,32564
568,2504,3401,6401,32727
569,2478,3370,6342,32830
570,2488,3355,6281,32442
571,2498,3327,6233,32094
572,2443,3336,6155,31425
573,2364,3205,6160,30999
574,2361,3217,6059,30243
575,2310,3186,6023,29256
576,2275,3162,5950,28170
577,2158,3137,5922,27069
578,2124,3068,5737,26077
579,2112,3060,5651,24711
580,2126,2966,5559,23663
581,2098,2871,5383,22274
582,2058,2817,5216,21124
583,1928,2806,5191,19871
584,1837,2722,5008,18760
585,1811,2711,4901,17639
586,1746,2625,4780,16696
587,1668,2534,4653,15784
588,1601,2445,4541,15038
589,1556,2357,4409,14410
590,1447,2247,4249,13584
591,1428,2197,4108,12872
592,1425,2066,3887,12242
593,1320,2078,3756,11598
594,1211,2013,3674,10935
595,1188,1937,3486,10476
596,1144,1910,3381,9974
597,1099,1835,3320,9584
598,1065,1778,3167,9117
599,1016,1770,3015,8818
600,948,1693,2964,8414
601,952,1636,2832,8145
602,926,1581,2722,7914
603,894,1508,2698,7612
604,904,1480,2590,7435
605,870,1458,2561,7160
606,864,1424,2493,7017
607,871,1396,2494,6877
608,865,1347,2455,6821
609,890,1328,2450,6726
610,877,1327,2444,6729
611,897,1334,2474,6870
612,905,1355,2478,6681
613,934,1456,2606,6934
614,933,1545,2608,7114
615,974,1615,2767,7407
616,1073,1663,2917,7714
617,1134,1766,3123,7969
618,1217,1878,3261,8550
619,1327,2087,3505,9000
620,1411,2255,3624,9603
621,1562,2417,3921,10156
622,1651,2561,4162,10776
623,1756,2682,4436,11565
624,1853,2833,4693,12364
625,1936,2912,5026,13392
626,1980,2984,5249,14419
627,2133,3111,5516,15690
628,2177,3221,5739,17041
629,2181,3308,5883,18536
630,2219,3410,6024,20305
631,2272,3458,6237,22108
632,2357,3524,6398,23839
633,2440,3490,6526,25478
634,2436,3521,6606,27263
635,2477,3533,6709,28712
636,2501,3547,6624,30031
637,2500,3516,6665,31027
638,2464,3542,6696,31650
639,2498,3483,6569,32393
640,2448,3416,6436,32527
641,2462,3460,6396,32833
642,2461,3396,6367,32714
643,2421,3374,6253,32474
644,2378,3375,6157,31965
645,2396,3317,6115,31507
646,2361,3282,6065,30745
647,2352,3221,6011,30073
648,2344,3103,5937,29168
649,2256,3087,5859,28176
650,2224,3049,5752,27083
651,2169,3028,5686,26084
652,2140,2967,5622,24869
653,2111,3015,5535,23526
654,2060,2928,5406,22492
655,2011,2906,5333,21205
656,1966,2783,5230,20084
657,1885,2734,5027,18825
658,1844,2709,4946,17772
659,1725,2662,4813,16865
660,1671,2543,4718,15904
661,1592,2448,4492,14903
662,1538,2387,4365,14135
663,1486,2304,4234,13394
664,1418,2254,4073,12761
665,1396,2172,3957,12119
666,1348,2080,3811,11632
667,1305,1971,3674,10982
668,1273,1972,3606,10561
669,1258,1839,3443,10091
670,1213,1833,3374,9669
671,1141,1734,3198,9237
672,1087,1650,3078,8657
673,1066,1628,3048,8348
674,1014,1609,2907,8076
675,953,1541,2741,7889
676,863,1468,2720,7673
677,852,1443,2675,7428
678,860,1408,2649,7239
679,849,1386,2549,7237
680,861,1356,2509,6952
681,857,1364,2495,6880
682,834,1365,2471,6868
683,840,1392,2465,6839
684,870,1413,2420,6818
685,872,1424,2449,6882
686,922,1476,2515,6989
687,961,1557,2688,7169
688,1008,1606,2741,7360
689,1088,1709,2898,7736
690,1143,1885,3093,8083
691,1234,1976,3328,8563
692,1329,2100,3551,9041
693,1395,2301,3793,9679
694,1548,2412,4044,10401
695,1642,2551,4343,11054
696,1754,2701,4610,11848
697,1796,2881,4799,12621
698,1915,3006,4982,13651
699,1989,3078,5248,14788
700,2077,3119,5358,16005
701,2115,3212,5585,17385
702,2131,3308,5848,18801
703,2211,3376,6091,20510
704,2339,3441,6252,22303
705,2376,3472,6360,24166
706,2403,3518,6459,25840
707,2458,3585,6585,27442
708,2510,3583,6647,28936
709,2529,3596,6629,30306
710,2482,3570,6573,31425
711,2470,3529,6541,32192
712,2441,3466,6533,32720
713,2460,3427,6390,32868
714,2448,3422,6260,32959
715,2473,3453,6282,32816
716,2512,3395,6190,32560
717,2437,3342,6128,32166
718,2439,3286,6063,31692
719,2345,3322,6045,30942
720,2382,3257,5928,30211
721,2300,3209,5895,29391
722,2318,3151,5823,28430
723,2189,3097,5689,27356
724,2140,3069,5686,26238
725,2163,3007,5584,24760
726,2109,2933,5499,23543
727,2055,2914,5374,22293
728,2039,2852,5283,21108
729,1958,2800,5238,19869
730,1899,2716,5107,18790
731,1885,2652,4999,17822
732,1810,2595,4796,16799
733,1728,2556,4756,15828
734,1692,2488,4584,15033
735,1610,2432,4371,14203
736,1537,2367,4206,13575
737,1483,2295,4090,12871
738,1403,2190,3966,12200
739,1366,2146,3819,11638
740,1278,2085,3675,11087
741,1245,1996,3510,10558
742,1201,1901,3395,10047
743,1138,1831,3265,9740
744,1109,1765,3191,9345
745,1052,1675,3047,8890
746,1043,1624,3016,8585
747,977,1592,2896,8272
748,945,1516,2831,8021
749,928,1478,2697,7644
750,907,1462,2632,7444
751,874,1454,2590,7174
752,868,1430,2518,7132
753,832,1407,2469,6971
754,862,1397,2460,6801
755,877,1392,2459,6662
756,863,1372,2472,6670
757,868,1427,2518,6829
758,940,1416,2549,6849
759,997,1461,2635,7062
760,980,1592,2761,7165
761,1018,1656,2844,7372
762,1053,1704,2942,7719
763,1124,1871,3122,8049
764,1203,2000,3243,8389
765,1278,2072,3453,8908
766,1403,2214,3656,9494
767,1571,2381,3941,10182
768,1677,2560,4187,10776
769,1734,2724,4416,11652
770,1879,2841,4668,12546
771,1905,2979,4899,13584
772,2003,3087,5105,14577
773,2059,3250,5417,15694
774,2099,3245,5667,17194
775,2151,3319,5827,18634
776,2251,3417,6086,20443
777,2325,3521,6258,22070
778,2363,3554,6401,23922
779,2465,3551,6565,25631
780,2453,3590,6656,27323
781,2487,3630,6682,28789
782,2486,3665,6684,30148
783,2450,3628,6586,31119
784,2466,3622,6509,32073
785,2443,3517,6520,32584
786,2418,3422,6435,32913
787,2452,3441,6402,32933
788,2479,3380,6337,32926
789,2486,3397,6252,32522
790,2526,3359,6223,32087
791,2480,3356,6165,31442
792,2379,3291,6089,30961
793,2309,3345,6047,30254
794,2302,3328,5942,29531
795,2268,3244,5862,28456
796,2224,3223,5774,27423
797,2218,3139,5605,25957
798,2196,3019,5569,24785
799,2169,2943,5472,23535
800,2104,2888,5360,22229
801,2026,2881,5204,20839
802,2032,2832,5134,19549
803,1955,2758,5026,18611
804,1885,2710,4885,17539
805,1828,2609,4733,16624
806,1738,2560,4683,15733
807,1646,2505,4526,14872
808,1562,2422,4414,14035
809,1533,2380,4245,13503
810,1438,2301,4051,12862
811,1405,2247,3905,12217
812,1300,2173,3776,11586
813,1238,2111,3713,11081
814,1207,1987,3587,10521
815,1123,1910,3417,10179
816,1070,1825,3327,9753
817,1045,1749,3209,9249
818,1027,1667,3059,8850
819,976,1588,2999,8507
820,1010,1571,2824,8242
821,959,1519,2724,7898
822,899,1499,2670,7588
823,892,1465,2632,7374
824,869,1431,2535,7135
825,853,1417,2545,7023
826,844,1406,2479,6856
827,854,1372,2387,6733
828,824,1311,2467,6739
829,865,1321,2442,6645
830,892,1361,2475,6723
831,878,1398,2495,6808
832,879,1456,2508,6906
833,915,1546,2575,7088
834,1001,1649,2693,7344
835,1076,1771,2829,7667
836,1137,1836,3080,8057
837,1236,2005,3294,8484
838,1298,2136,3504,9043
839,1390,2262,3701,9524
840,1508,2474,3952,10090
841,1583,2588,4141,10871
842,1631,2721,4348,11729
843,1785,2861,4639,12469
844,1902,2954,4908,13517
845,1992,3078,5131,14574
846,2051,3161,5359,15730
847,2119,3256,5602,17136
848,2163,3345,5860,18688
849,2221,3448,6085,20378
850,2289,3563,6219,22031
851,2378,3595,6414,23867
852,2393,3560,6585,25768
853,2453,3546,6518,27486
854,2457,3526,6579,29009
855,2485,3532,6622,30263
856,2503,3524,6634,31287
857,2505,3520,6599,31858
858,2525,3487,6480,32419
859,2480,3483,6455,32728
860,2459,3498,6307,32808
861,2440,3526,6201,32667
862,2436,3463,6204,32463
863,2393,3437,6126,32181
864,2351,3406,6095,31494
865,2307,3399,6031,30869
866,2256,3274,5926,29979
867,2244,3238,5891,29190
868,2276,3187,5774,28247
869,2197,3110,5725,27110
870,2177,3088,5589,25860
871,2101,3040,5510,24485
872,2058,3005,5438,23485
873,2049,2976,5305,22182
874,2052,2884,5242,20983
875,1958,2806,5122,19818
876,1919,2789,5024,18743
877,1849,2732,4971,17813
878,1785,2680,4818,16639
879,1688,2610,4694,15849
880,1662,2483,4614,14994
881,1606,2418,4499,14294
882,1530,2375,4288,13531
883,1452,2241,4183,12781
884,1425,2167,3972,12094
885,1370,2133,3828,11532
886,1306,2062,3656,10975
887,1250,1967,3510,10433
888,1186,1874,3424,9883
889,1155,1834,3307,9465
890,1093,1728,3211,9139
891,1028,1635,3095,8763
892,968,1628,2978,8533
893,1006,1625,2865,8268
894,967,1582,2786,7936
895,960,1464,2675,7756
896,892,1461,2612,7547
897,882,1441,2534,7228
898,908,1421,2489,7144
899,916,1339,2405,6975
900,894,1329,2397,6892
901,889,1294,2434,6929
902,887,1301,2456,6817
903,906,1339,2439,6844
904,947,1397,2518,6865
905,997,1443,2622,7008
906,998,1509,2724,7221
907,1039,1548,2803,7407
908,1125,1668,2873,7740
909,1215,1780,3031,8233
910,1295,1878,3276,8568
911,1346,2037,3480,9051
912,1445,2208,3729,9643
913,1520,2384,3967,10223
914,1622,2619,4224,10923
915,1746,2713,4462,11698
916,1826,2856,4743,12625
917,1975,2941,4945,13481
918,2060,3029,5182,14559
919,2124,3124,5383,15756
920,2145,3316,5686,17080
921,2223,3387,5887,18690
922,2319,3502,6051,20392
923,2379,3539,6222,22114
924,2432,3564,6423,23959
925,2493,3590,6561,25567
926,2476,3606,6639,27573
927,2450,3605,6642,28969
928,2437,3598,6683,30123
929,2481,3513,6582,31320
930,2480,3427,6490,31862
931,2488,3471,6398,32582
932,2479,3458,6369,32816
933,2430,3434,6319,32873
934,2415,3436,6281,32642
935,2401,3427,6160,32489
936,2384,3384,6119,32044
937,2370,3358,6092,31496
938,2360,3342,5992,30975
939,2331,3317,6050,29924
940,2323,3270,6054,29162
941,2316,3200,6017,28289
942,2287,3222,5935,27152
943,2188,3103,5798,26077
944,2164,3085,5662,24787
945,2121,3009,5531,23443
946,2068,2925,5428,22197
947,2040,2860,5296,21053
948,2018,2826,5158,19879
949,1971,2770,4936,18926
950,1887,2701,4814,17859
951,1809,2583,4648,16964
952,1727,2462,4599,15963
953,1645,2430,4468,15165
954,1571,2381,4340,14349
955,1479,2334,4243,13514
956,1441,2279,4091,12973
957,1380,2249,3924,12298
958,1369,2128,3793,11710
959,1288,1985,3696,11103
960,1185,1931,3577,10697
961,1144,1860,3479,10149
962,1085,1790,3311,9803
963,1038,1713,3173,9386
964,1027,1639,3054,8991
965,1027,1574,2930,8644
966,988,1505,2901,8258
967,966,1472,2819,7969
968,947,1445,2665,7729
969,952,1443,2648,7441
970,916,1416,2597,7282
971,902,1406,2601,7066
972,882,1410,2574,6996
973,852,1426,2506,6988
974,886,1412,2499,6772
975,880,1398,2463,6829
976,874,1428,2473,6825
977,929,1426,2560,6768
978,969,1465,2622,6910
979,995,1504,2702,7073
980,1046,1643,2801,7397
981,1094,1752,2916,7655
982,1130,1855,3098,7953
983,1295,2008,3267,8466
984,1342,2117,3470,9096
985,1435,2235,3729,9674
986,1561,2391,3921,10402
987,1616,2553,4250,11032
988,1770,2649,4498,11816
989,1897,2782,4670,12837
990,1971,2935,4913,13666
991,2023,3043,5202,14846
992,2082,3134,5394,15992
993,2135,3264,5624,17381
994,2214,3323,5874,18925
995,2301,3421,6024,20505
996,2357,3497,6280,22250
997,2407,3554,6469,24037
998,2450,3537,6637,25717
999,2505,3532,6650,27417
1000,2534,3566,6628,28968
1001,2513,3599,6604,30093
1002,2514,3619,6598,31311
1003,2439,3543,6660,32061
1004,2435,3518,6576,32585
1005,2468,3459,6510,32924
1006,2440,3408,6488,32920
1007,2446,3395,6378,32990
1008,2362,3381,6293,32609
1009,2373,3374,6215,32275
1010,2401,3300,6170,31629
1011,2337,3268,6125,30840
1012,2308,3226,6042,30005
1013,2245,3148,5974,29120
1014,2175,3176,5877,28263
1015,2119,3109,5781,27166
1016,2126,3093,5730,25972
1017,2103,3053,5580,24821
1018,2110,2978,5504,23615
1019,2053,2973,5403,22379
1020,2037,2883,5252,21191
1021,2004,2895,5215,20023
1022,1969,2805,5012,18795
1023,1902,2761,4874,17821
1024,1861,2680,4787,16931
1025,1778,2531,4694,15723
1026,1705,2514,4641,14894
1027,1642,2439,4432,14102
1028,1563,2316,4261,13463
1029,1532,2221,4147,12740
1030,1427,2139,4010,12141
1031,1405,2091,3885,11565
1032,1337,2010,3796,11082
1033,1274,1956,3589,10618
1034,1212,1856,3427,10252
1035,1157,1790,3312,9560
1036,1102,1724,3262,9238
1037,1065,1654,3110,8831
1038,1037,1602,2985,8493
1039,1031,1545,2857,8215
1040,979,1546,2801,7946
1041,939,1496,2702,7678
1042,910,1479,2632,7439
1043,906,1425,2571,7189
1044,856,1376,2502,6947
1045,890,1362,2426,6900
1046,865,1379,2385,6642
1047,865,1351,2331,6601
1048,854,1398,2354,6554
1049,886,1403,2408,6643
1050,888,1442,2485,6750
1051,918,1472,2526,6927
1052,981,1526,2682,7075
1053,1024,1622,2782,7371
1054,1075,1729,2884,7777
1055,1122,1805,3004,8100
1056,1252,1958,3249,8512
1057,1322,2081,3456,9150
1058,1371,2229,3704,9610
1059,1506,2398,3979,10097
1060,1585,2503,4272,10941
1061,1730,2637,4500,11654
1062,1826,2716,4744,12692
1063,1906,2918,4958,13619
1064,1997,3015,5252,14712
1065,2147,3099,5457,15890
1066,2204,3264,5675,17197
1067,2272,3382,5926,18642
1068,2312,3411,6082,20472
1069,2348,3413,6304,22273
1070,2403,3508,6405,24126
1071,2442,3540,6559,25786
1072,2466,3549,6577,27289
1073,2512,3526,6705,28808
1074,2475,3505,6697,30052
1075,2461,3432,6681,31086
1076,2482,3453,6679,31730
1077,2493,3459,6592,32199
1078,2453,3536,6510,32665
1079,2408,3544,6364,32869
1080,2459,3435,6332,32731
1081,2433,3402,6321,32526
1082,2376,3400,6303,32265
1083,2384,3322,6206,31678
1084,2323,3353,6168,31111
1085,2303,3244,6078,30334
1086,2301,3134,6033,29522
1087,2266,3125,5866,28392
1088,2259,3087,5800,27342
1089,2225,2989,5646,26032
1090,2229,2924,5580,24836
1091,2171,2906,5469,23715
1092,2082,2911,5361,22444
1093,1972,2843,5278,21061
1094,1912,2785,5090,19907
1095,1889,2773,5021,18658
1096,1865,2687,4869,17869
1097,1838,2673,4801,16811
1098,1818,2565,4751,15960
1099,1741,2500,4667,15025
1100,1640,2458,4523,14179
1101,1578,2362,4435,13397
1102,1502,2266,4260,12768
1103,1420,2187,4136,12073
1104,1390,2101,3899,11503
1105,1287,1987,3739,11045
1106,1264,1924,3586,10492
1107,1210,1846,3450,10154
1108,1140,1783,3223,9695
1109,1070,1750,3094,9261
1110,1043,1677,3036,8973
1111,1008,1618,2982,8609
1112,1002,1570,2877,8356
1113,957,1536,2811,8069
1114,905,1516,2703,7791
1115,884,1470,2598,7691
1116,867,1427,2545,7360
1117,870,1396,2524,7226
1118,870,1368,2463,7120
1119,869,1364,2420,6974
1120,865,1385,2391,6892
1121,848,1404,2404,6834
1122,869,1463,2372,6858
1123,886,1481,2401,6850
1124,915,1490,2522,7094
1125,969,1520,2639,7227
1126,1013,1612,2779,7632
1127,1106,1747,2927,7916
1128,1135,1875,3089,8284
1129,1170,2000,3298,8723
1130,1285,2160,3399,9169
1131,1374,2314,3696,9707
1132,1515,2438,3948,10358
1133,1605,2584,4199,11025
1134,1717,2686,4405,11648
1135,1825,2841,4621,12575
1136,1908,2932,4840,13489
1137,2003,2993,5174,14505
1138,2108,3062,5472,15711
1139,2213,3187,5696,17211
1140,2242,3265,5946,18689
1141,2287,3404,6118,20426
1142,2369,3431,6318,22065
1143,2423,3435,6455,23889
1144,2437,3528,6524,25772
1145,2453,3565,6590,27340
1146,2498,3540,6515,28648
1147,2479,3520,6586,29955
1148,2461,3432,6551,31017
1149,2526,3433,6454,31746
1150,2521,3445,6553,32412
1151,2450,3442,6447,32588
1152,2455,3399,6360,32865
1153,2437,3381,6294,32725
1154,2380,3376,6279,32395
1155,2403,3357,6248,32063
1156,2361,3314,6162,31502
1157,2337,3288,6102,30898
1158,2362,3196,6104,30026
1159,2316,3188,6008,29099
1160,2258,3155,5933,28116
1161,2271,3066,5762,27053
1162,2227,3066,5707,25927
1163,2154,3025,5594,24575
1164,2145,3011,5582,23399
1165,2037,2913,5426,22200
1166,1996,2851,5302,20949
1167,1958,2783,5210,19866
1168,1901,2766,5088,18751
1169,1872,2735,4944,17670
1170,1840,2666,4846,16660
1171,1765,2537,4737,15703
1172,1676,2460,4608,14784
1173,1600,2413,4508,14169
1174,1524,2283,4353,13498
1175,1419,2233,4216,12846
1176,1409,2142,4010,12205
1177,1324,2055,3810,11634
1178,1273,2009,3682,11005
1179,1236,1928,3473,10677
1180,1182,1859,3392,10152
1181,1167,1794,3258,9740
1182,1108,1756,3158,9334
1183,1093,1736,2993,8985
1184,1065,1660,2921,8599
1185,1026,1574,2844,8173
1186,943,1551,2738,7928
1187,928,1467,2706,7683
1188,894,1432,2617,7475
1189,854,1407,2576,7282
1190,827,1374,2519,7190
1191,832,1393,2512,7042
1192,845,1380,2494,6932
1193,836,1379,2422,6798
1194,820,1339,2464,6772
1195,857,1363,2491,6797
1196,875,1410,2545,6813
1197,871,1498,2585,6847
1198,944,1535,2674,7106
1199,989,1649,2748,7336
1200,1058,1735,2868,7613
1201,1165,1830,3005,8090
1202,1244,1883,3189,8548
1203,1345,1999,3385,9029
1204,1469,2198,3652,9691
1205,1529,2365,3877,10376
1206,1640,2503,4114,10936
1207,1690,2646,4419,11595
1208,1828,2750,4696,12478
1209,1873,2870,4931,13505
1210,1968,2970,5216,14680
1211,2044,3087,5433,15849
1212,2163,3204,5635,17048
1213,2237,3246,5832,18538
1214,2261,3357,6051,20167
1215,2309,3355,6250,21905
1216,2417,3427,6353,23902
1217,2460,3449,6483,25676
1218,2478,3547,6599,27364
1219,2470,3616,6668,28973
1220,2484,3560,6667,30113
1221,2464,3485,6643,31021
1222,2470,3508,6628,31712
1223,2464,3507,6544,32351
1224,2465,3492,6509,32666
1225,2453,3452,6408,32856
1226,2445,3408,6341,32701
1227,2463,3385,6269,32404
1228,2451,3308,6137,31992
1229,2393,3290,6081,31397
1230,2325,3250,6017,30697
1231,2345,3275,5948,29918
1232,2271,3200,5852,29205
1233,2221,3170,5774,28113
1234,2175,3088,5737,27011
1235,2156,3058,5623,25963
1236,2086,3043,5528,24608
1237,2040,2993,5424,23699
1238,1966,2914,5390,22125
1239,1940,2841,5327,20992
1240,1967,2864,5271,19917
1241,1907,2784,5069,18864
1242,1841,2753,4964,17679
1243,1783,2667,4909,16817
1244,1700,2603,4737,16014
1245,1669,2464,4550,15012
1246,1628,2444,4495,14186
1247,1532,2355,4286,13487
1248,1462,2238,4100,12823
1249,1392,2173,4007,12097
1250,1316,2104,3841,11447
1251,1256,1999,3727,10966
1252,1219,1914,3591,10377
1253,1194,1821,3479,9941
1254,1152,1802,3357,9461
1255,1092,1690,3199,9084
1256,1033,1674,3141,8672
1257,1040,1603,2992,8445
1258,998,1558,2923,8152
1259,982,1507,2849,7806
1260,950,1478,2702,7660
1261,949,1451,2678,7374
1262,936,1410,2614,7324
1263,901,1395,2560,7137
1264,864,1378,2462,7046
1265,835,1332,2443,6889
1266,842,1324,2384,6889
1267,832,1326,2366,6802
1268,848,1337,2380,6831
1269,883,1379,2443,6869
1270,927,1418,2528,6883
1271,992,1513,2585,7173
1272,1068,1573,2686,7513
1273,1125,1666,2876,7851
1274,1204,1798,3089,8027
1275,1293,1972,3238,8595
1276,1369,2122,3446,9130
1277,1429,2238,3704,9721
1278,1551,2368,3888,10168
1279,1603,2468,4185,10815
1280,1738,2651,4397,11535
1281,1849,2784,4682,12489
1282,1890,2925,4953,13379
1283,1983,2972,5162,14522
1284,2110,3104,5427,15794
1285,2162,3205,5629,17114
1286,2233,3348,5884,18703
1287,2282,3411,6076,20408
1288,2361,3497,6246,22211
1289,2397,3499,6331,23955
1290,2382,3539,6492,25702
1291,2402,3546,6655,27360
1292,2425,3502,6719,28817
1293,2458,3515,6657,30180
1294,2473,3481,6565,31206
1295,2489,3430,6499,31871
1296,2460,3441,6386,32590
1297,2474,3474,6382,32709
1298,2477,3487,6368,32913
1299,2470,3376,6242,32717
1300,2484,3400,6216,32642
1301,2478,3363,6198,32074
1302,2414,3332,6159,31788
1303,2326,3256,6065,30994
1304,2326,3215,5980,30273
1305,2248,3169,5975,29424
1306,2237,3144,5839,28334
1307,2177,3084,5782,27127
1308,2132,2988,5678,25941
1309,2097,2936,5620,24846
1310,2072,2930,5479,23513
1311,2054,2888,5356,22408
1312,1989,2895,5257,21121
1313,1905,2801,5198,19995
1314,1855,2797,5048,18767
1315,1878,2771,4928,17817
1316,1808,2705,4756,16910
1317,1698,2637,4631,16123
1318,1611,2552,4572,15184
1319,1569,2469,4399,14181
1320,1517,2378,4249,13742
1321,1481,2328,4105,12848
1322,1390,2201,3968,12257
1323,1316,2145,3776,11728
1324,1253,2021,3710,11215
1325,1193,1951,3591,10690
1326,1152,1898,3403,10095
1327,1142,1804,3270,9692
1328,1083,1756,3090,9263
1329,1063,1630,2988,8776
1330,1033,1570,2879,8516
1331,984,1543,2741,8224
1332,986,1505,2664,8007
1333,936,1468,2607,7783
1334,932,1432,2570,7512
1335,890,1415,2538,7283
1336,848,1388,2520,7089
1337,835,1384,2496,6973
1338,865,1380,2462,6784
1339,887,1368,2432,6797
1340,894,1335,2414,6745
1341,874,1362,2429,6785
1342,908,1409,2478,6849
1343,932,1424,2556,6958
1344,960,1512,2646,7128
1345,1040,1647,2749,7311
1346,1112,1722,2916,7666
1347,1183,1829,3075,8023
1348,1282,1928,3215,8465
1349,1338,2066,3466,8972
1350,1468,2184,3689,9627
1351,1589,2324,3856,10091
1352,1710,2504,4127,10812
1353,1767,2703,4388,11583
1354,1839,2811,4595,12335
1355,1950,2978,4829,13281
1356,1994,3027,5046,14494
1357,2064,3161,5274,15666
1358,2146,3234,5569,17056
1359,2183,3311,5763,18581
1360,2295,3392,5956,20327
1361,2280,3507,6179,22148
1362,2359,3508,6318,23770
1363,2387,3535,6465,25668
1364,2486,3524,6523,27408
1365,2477,3528,6515,28757
1366,2550,3539,6601,30016
1367,2517,3528,6585,30966
1368,2499,3552,6532,31703
1369,2495,3511,6471,32348
1370,2480,3532,6428,32770
1371,2492,3473,6388,32724
1372,2400,3483,6311,32669
1373,2379,3445,6208,32406
1374,2349,3394,6202,32105
1375,2354,3373,6178,31470
1376,2291,3296,6164,30917
1377,2244,3218,6085,30240
1378,2248,3195,6002,29517
1379,2228,3174,5795,28389
1380,2205,3095,5808,27227
1381,2140,3089,5727,26026
1382,2122,3081,5640,24757
1383,2102,2993,5645,23530
1384,2081,2960,5542,22309
1385,2026,2886,5393,20945
1386,1997,2840,5307,19750
1387,1916,2769,5130,18762
1388,1859,2718,5002,17676
1389,1792,2681,4913,16613
1390,1731,2593,4765,15868
1391,1668,2517,4659,14929
1392,1598,2414,4405,14121
1393,1550,2314,4255,13457
1394,1485,2226,4134,12742
1395,1444,2140,3964,12246
1396,1401,2079,3777,11524
1397,1330,2044,3680,10964
1398,1251,1991,3544,10412
1399,1188,1868,3413,10114
1400,1163,1771,3312,9647
1401,1106,1690,3198,9349
1402,1048,1640,3036,9115
1403,1015,1589,2952,8731
1404,987,1514,2879,8428
1405,957,1498,2798,8072
1406,966,1473,2718,7746
1407,970,1444,2648,7541
1408,944,1379,2599,7326
1409,885,1370,2471,7101
1410,848,1330,2532,6983
1411,852,1344,2504,6874
1412,869,1359,2450,6731
1413,865,1389,2480,6813
1414,855,1446,2490,6880
1415,873,1456,2464,7007
1416,925,1499,2546,7040
1417,959,1550,2642,7223
1418,1017,1602,2776,7462
1419,1102,1699,2858,7783
1420,1152,1788,3063,8156
1421,1245,1919,3223,8655
1422,1355,2123,3441,8982
1423,1480,2223,3683,9602
1424,1591,2396,3845,10159
1425,1677,2581,4248,10821
1426,1755,2696,4483,11658
1427,1827,2796,4742,12534
1428,1924,2955,4968,13470
1429,2013,3078,5228,14653
1430,2080,3215,5511,15866
1431,2110,3270,5762,17213
1432,2183,3368,5998,18749
1433,2188,3476,6169,20409
1434,2238,3526,6284,22106
1435,2350,3553,6414,23761
1436,2382,3519,6484,25651
1437,2417,3523,6550,27148
1438,2483,3573,6639,28700
1439,2546,3569,6644,29924
1440,2502,3536,6639,30927
1441,2534,3493,6535,31769
1442,2483,3436,6439,32284
1443,2538,3446,6404,32905
1444,2492,3482,6296,32761
1445,2507,3445,6305,32809
1446,2477,3388,6208,32635
1447,2456,3358,6166,32265
1448,2411,3269,6144,31688
1449,2360,3165,6145,31057
1450,2323,3208,6056,30068
1451,2289,3200,6006,29198
1452,2238,3158,5933,28327
1453,2228,3098,5849,27218
1454,2190,3124,5680,25748
1455,2120,3102,5610,24499
1456,2091,3049,5481,23600
1457,2044,2977,5418,22343
1458,2021,2901,5346,20827
1459,1957,2899,5344,19709
1460,1881,2830,5104,18616
1461,1805,2771,4946,17608
1462,1765,2684,4763,16733
1463,1689,2587,4620,15808
1464,1632,2496,4575,14859
1465,1525,2368,4483,14023
1466,1497,2283,4416,13448
1467,1448,2208,4194,12775
1468,1328,2173,3977,12140
1469,1276,2130,3893,11567
1470,1277,2022,3653,11019
1471,1224,1979,3554,10573
1472,1174,1926,3440,10028
1473,1128,1846,3272,9628
1474,1074,1747,3171,9108
1475,1041,1672,3036,8747
1476,1013,1667,2938,8494
1477,1032,1604,2837,8229
1478,1010,1538,2789,7895
1479,946,1486,2693,7640
1480,923,1459,2680,7449
1481,896,1394,2643,7244
1482,882,1372,2561,7086
1483,888,1319,2548,7017
1484,844,1278,2515,6900
1485,834,1309,2518,6852
1486,841,1366,2534,6827
1487,861,1379,2542,6817
1488,897,1416,2598,6892
1489,925,1481,2651,7040
1490,908,1549,2698,7211
1491,997,1617,2753,7464
1492,1035,1693,2898,7713
1493,1118,1822,3109,8103
1494,1225,1948,3279,8559
1495,1311,2092,3461,9032
1496,1390,2272,3732,9628
1497,1494,2397,3954,10205
1498,1619,2545,4224,10975
1499,1751,2693,4445,11628
1500,1835,2771,4630,12509
1501,2008,2923,4920,13561
1502,2049,3012,5252,14557
1503,2096,3130,5527,15816
1504,2109,3239,5739,17233
1505,2132,3332,5934,18806
1506,2220,3391,6116,20445
1507,2268,3467,6312,22121
1508,2320,3517,6354,23968
1509,2401,3491,6500,25790
1510,2411,3523,6570,27407
1511,2443,3551,6604,28748
1512,2509,3576,6574,30066
1513,2502,3627,6586,31048
1514,2517,3604,6556,31932
1515,2526,3629,6472,32525
1516,2536,3588,6464,32900
1517,2575,3570,6428,32987
1518,2510,3510,6403,32900
1519,2548,3469,6335,32690
1520,2484,3368,6257,32307
1521,2403,3292,6179,31663
1522,2416,3195,6133,31010
1523,2398,3228,6055,30175
1524,2312,3183,5984,29388
1525,2293,3121,5896,28288
1526,2229,3137,5795,27089
1527,2175,3122,5730,25910
1528,2126,3086,5644,24797
1529,2107,3047,5539,23442
1530,2033,2971,5456,22418
1531,1976,2912,5377,21219
1532,1950,2871,5227,20136
1533,1920,2839,5096,19030
1534,1886,2773,4935,17950
1535,1794,2617,4894,16670
1536,1763,2608,4727,15730
1537,1668,2566,4519,14942
1538,1581,2479,4378,14127
1539,1522,2373,4230,13349
1540,1493,2312,4088,12803
1541,1435,2165,3962,12159
1542,1360,2076,3828,11693
1543,1276,2037,3672,11190
1544,1225,1986,3626,10633
1545,1148,1931,3492,10082
1546,1115,1800,3328,9698
1547,1030,1748,3211,9269
1548,1009,1679,3087,8980
1549,1003,1666,2990,8491
1550,992,1605,2900,8198
1551,923,1526,2878,8052
1552,906,1493,2784,7778
1553,907,1450,2667,7525
1554,879,1409,2607,7236
1555,851,1328,2548,7152
1556,860,1358,2536,6928
1557,850,1305,2523,6806
1558,840,1301,2519,6789
1559,846,1359,2497,6764
1560,873,1355,2537,6706
1561,871,1387,2561,6893
1562,899,1445,2573,6927
1563,966,1495,2625,7250
1564,998,1549,2779,7445
1565,1063,1654,2897,7702
1566,1155,1810,3033,8146
1567,1242,2001,3243,8483
1568,1317,2168,3445,9003
1569,1431,2304,3642,9599
1570,1552,2442,3825,10217
1571,1631,2521,4083,10955
1572,1714,2692,4382,11593
1573,1862,2758,4645,12545
1574,1926,2815,4933,13506
1575,2033,2937,5174,14518
1576,2109,3039,5413,15815
1577,2141,3154,5706,17090
1578,2167,3296,5878,18763
1579,2259,3405,6078,20579
1580,2362,3464,6258,22433
1581,2371,3523,6369,24387
1582,2517,3524,6492,25966
1583,2548,3530,6576,27593
1584,2508,3528,6566,29029
1585,2527,3539,6526,30125
1586,2580,3519,6481,31096
1587,2560,3519,6517,31709
1588,2530,3534,6467,32520
1589,2482,3484,6429,32658
1590,2472,3492,6379,32954
1591,2488,3440,6405,32981
1592,2494,3430,6262,32589
1593,2465,3416,6248,32267
1594,2443,3348,6185,31749
1595,2423,3329,6166,31033
1596,2389,3263,6043,30373
1597,2395,3205,6027,29461
1598,2320,3170,5854,28245
1599,2263,3102,5842,27323
1600,2253,3085,5671,26085
1601,2213,3078,5585,24903
1602,2119,3066,5459,23726
1603,2096,2999,5303,22258
1604,2071,2956,5276,21088
1605,2048,2899,5062,19921
1606,2014,2792,4965,18919
1607,1983,2733,4832,17794
1608,1861,2702,4729,16770
1609,1781,2556,4640,15865
1610,1723,2515,4485,14981
1611,1649,2477,4317,14273
1612,1613,2358,4260,13563
1613,1544,2246,4064,12843
1614,1458,2192,3915,12200
1615,1418,2101,3778,11608
1616,1309,1999,3666,11015
1617,1287,1970,3569,10648
1618,1209,1861,3425,10089
1619,1184,1801,3318,9605
1620,1118,1779,3199,9130
1621,1048,1692,3122,8890
1622,1027,1649,3008,8405
1623,998,1601,2874,8019
1624,991,1530,2795,7793
1625,962,1480,2730,7664
1626,912,1443,2597,7359
1627,913,1405,2587,7243
1628,889,1423,2477,7029
1629,887,1384,2430,6938
1630,914,1395,2399,6834
1631,869,1338,2465,6754
1632,897,1425,2460,6731
1633,889,1406,2471,6832
1634,901,1453,2486,6895
1635,892,1484,2570,6932
1636,944,1516,2672,7129
1637,1012,1595,2735,7360
1638,1043,1739,2867,7703
1639,1133,1873,3035,8003
1640,1223,2012,3272,8357
1641,1290,2099,3496,8906
1642,1450,2245,3687,9610
1643,1578,2436,3928,10271
1644,1711,2529,4176,10891
1645,1818,2636,4437,11765
1646,1889,2798,4698,12586
1647,1974,2915,4952,13716
1648,2004,3026,5174,14630
1649,2095,3146,5412,15911
1650,2206,3278,5603,17188
1651,2219,3361,5900,18809
1652,2270,3397,6160,20532
1653,2298,3448,6279,22232
1654,2387,3513,6471,24010
1655,2433,3545,6553,25879
1656,2440,3626,6630,27494
1657,2489,3556,6663,28704
1658,2542,3542,6602,30076
1659,2492,3493,6496,31208
1660,2515,3484,6518,31832
1661,2491,3522,6541,32263
1662,2466,3548,6473,32612
1663,2432,3567,6402,32719
1664,2411,3491,6313,32642
1665,2371,3459,6198,32485
1666,2365,3435,6142,32176
1667,2315,3370,6113,31561
1668,2338,3307,6067,30729
1669,2313,3244,6005,30100
1670,2286,3228,5953,29201
1671,2259,3119,5923,28141
1672,2189,3076,5833,27033
1673,2189,3035,5670,25910
1674,2141,3022,5666,24693
1675,2136,2996,5585,23470
1676,2093,2868,5422,22338
1677,2056,2830,5393,20983
1678,2004,2837,5315,19898
1679,1927,2821,5180,18803
1680,1880,2800,5073,17666
1681,1782,2717,4918,16711
1682,1735,2616,4796,15724
1683,1727,2497,4659,14957
1684,1654,2438,4461,14251
1685,1577,2369,4330,13468
1686,1472,2309,4222,12838
1687,1418,2218,4033,12165
1688,1362,2177,3884,11622
1689,1304,2072,3717,11094
1690,1267,1975,3503,10542
1691,1257,1891,3333,9993
1692,1213,1765,3285,9681
1693,1147,1717,3108,9141
1694,1099,1691,2980,8745
1695,1074,1623,2908,8499
1696,1051,1552,2801,8165
1697,1024,1514,2672,7981
1698,977,1466,2621,7680
1699,935,1494,2605,7537
1700,919,1479,2503,7388
1701,899,1441,2482,7260
1702,900,1386,2420,7006
1703,876,1352,2377,6875
1704,888,1350,2386,6778
1705,871,1369,2362,6765
1706,897,1426,2457,6699
1707,923,1440,2406,6827
1708,964,1474,2527,7049
1709,996,1516,2579,7216
1710,1063,1666,2694,7430
1711,1118,1766,2852,7825
1712,1190,1838,3062,8214
1713,1260,1942,3280,8605
1714,1391,2104,3479,9135
1715,1453,2203,3765,9758
1716,1540,2368,4012,10336
1717,1661,2562,4277,11047
1718,1716,2704,4486,11867
1719,1847,2808,4740,12591
1720,1925,2957,4920,13493
1721,2065,3020,5154,14613
1722,2141,3120,5369,15981
1723,2206,3169,5608,17239
1724,2265,3324,5805,18929
1725,2330,3402,6055,20551
1726,2405,3479,6298,22382
1727,2426,3488,6383,24204
1728,2467,3552,6549,26044
1729,2464,3534,6647,27551
1730,2496,3569,6609,28922
1731,2457,3566,6685,30080
1732,2399,3567,6659,31254
1733,2389,3552,6632,31967
1734,2434,3480,6603,32466
1735,2463,3474,6516,32722
1736,2435,3439,6381,32834
1737,2423,3401,6330,32872
1738,2447,3389,6252,32430
1739,2451,3314,6168,32072
1740,2441,3292,6165,31502
1741,2401,3233,6077,30858
1742,2333,3197,5999,30253
1743,2221,3197,5947,29246
1744,2222,3121,5873,28381
1745,2165,3152,5793,27341
1746,2177,3080,5709,26359
1747,2143,3114,5603,25088
1748,2067,3089,5477,23638
1749,2002,3057,5411,22283
1750,1983,2988,5347,21084
1751,1926,2963,5166,19902
1752,1863,2903,5062,18783
1753,1802,2800,4907,17817
1754,1767,2684,4850,16782
1755,1702,2593,4705,15780
1756,1639,2476,4599,15051
1757,1565,2431,4473,14277
1758,1486,2366,4254,13519
1759,1413,2234,4178,12778
1760,1357,2181,4041,12168
1761,1311,2135,3901,11630
1762,1260,2048,3683,11169
1763,1207,1958,3524,10613
1764,1146,1867,3416,10092
1765,1090,1844,3304,9745
1766,1032,1796,3176,9213
1767,992,1698,3062,8896
1768,983,1624,2931,8480
1769,971,1519,2827,8199
1770,945,1494,2734,7893
1771,925,1484,2668,7626
1772,920,1462,2631,7409
1773,904,1437,2662,7202
1774,894,1375,2532,7194
1775,844,1391,2510,6878
1776,821,1409,2439,6893
1777,811,1403,2443,6829
1778,813,1373,2456,6873
1779,842,1367,2496,6952
1780,830,1467,2490,6902
1781,861,1527,2561,7034
1782,910,1622,2616,7190
1783,975,1664,2730,7297
1784,1030,1745,2862,7662
1785,1134,1858,3033,8146
1786,1218,1999,3263,8627
1787,1327,2106,3397,9139
1788,1457,2252,3731,9708
1789,1533,2426,3995,10271
1790,1656,2582,4180,11055
1791,1748,2743,4403,11844
1792,1806,2890,4626,12634
1793,1920,2983,4851,13627
1794,1965,3082,5090,14611
1795,2044,3197,5354,15881
1796,2151,3238,5592,17332
1797,2278,3338,5811,18944
1798,2354,3372,6051,20552
1799,2332,3468,6256,22313
1800,2337,3464,6411,24017
1801,2400,3576,6641,25854
1802,2429,3556,6739,27494
1803,2454,3585,6721,28985
1804,2368,3592,6718,30310
1805,2373,3593,6741,31397
1806,2392,3571,6658,32102
1807,2417,3497,6613,32632
1808,2430,3429,6457,32898
1809,2369,3386,6382,32871
1810,2342,3409,6324,32751
1811,2394,3351,6314,32531
1812,2377,3312,6322,32118
1813,2333,3284,6152,31682
1814,2319,3265,6084,31023
1815,2251,3246,6024,30365
1816,2259,3187,5935,29468
1817,2213,3164,5933,28277
1818,2171,3075,5832,27415
1819,2160,3041,5731,26135
1820,2098,3032,5581,24879
1821,2084,2947,5502,23496
1822,2015,2935,5318,22363
1823,1949,2927,5225,21144
1824,1908,2861,5112,19925
1825,1881,2767,5005,18807
1826,1828,2731,4917,17614
1827,1750,2727,4799,16723
1828,1728,2705,4694,16047
1829,1676,2612,4623,15017
1830,1566,2551,4443,14328
1831,1493,2407,4342,13505
1832,1480,2297,4182,12835
1833,1359,2216,4054,12280
1834,1293,2170,3869,11667
1835,1263,2023,3717,11123
1836,1229,1983,3559,10482
1837,1207,1853,3457,10070
1838,1139,1763,3308,9669
1839,1089,1738,3222,9202
1840,1023,1669,3120,8914
1841,1016,1600,3040,8593
1842,976,1566,2963,8192
1843,966,1516,2856,7977
1844,929,1495,2762,7835
1845,875,1471,2653,7508
1846,848,1451,2539,7393
1847,853,1415,2518,7162
1848,878,1403,2491,7042
1849,865,1384,2462,6810
1850,837,1357,2435,6755
1851,834,1391,2463,6829
1852,834,1391,2480,6861
1853,869,1428,2522,6943
1854,914,1493,2632,7162
1855,964,1551,2690,7302
1856,1039,1629,2833,7480
1857,1109,1726,2934,7763
1858,1191,1856,3134,8042
1859,1243,1976,3304,8544
1860,1323,2120,3537,9132
1861,1441,2260,3803,9655
1862,1548,2333,4062,10331
1863,1659,2495,4196,11079
1864,1720,2666,4457,11800
1865,1789,2821,4675,12704
1866,1957,2906,4872,13667
1867,2075,3040,5108,14821
1868,2110,3106,5389,15948
1869,2159,3179,5670,17521
1870,2182,3219,5838,19017
1871,2276,3260,6089,20573
1872,2325,3388,6254,22215
1873,2403,3475,6369,23901
1874,2419,3562,6478,25736
1875,2488,3537,6634,27419
1876,2484,3587,6665,28736
1877,2492,3611,6693,29996
1878,2485,3579,6676,31271
1879,2513,3534,6607,32123
1880,2461,3457,6581,32716
1881,2465,3416,6513,33032
1882,2454,3409,6483,33238
1883,2426,3393,6424,33090
1884,2430,3357,6348,32712
1885,2418,3349,6203,32274
1886,2399,3364,6153,31748
1887,2374,3338,6132,31213
1888,2305,3299,6074,30327
1889,2255,3273,5950,29545
1890,2237,3174,5871,28436
1891,2195,3117,5763,27338
1892,2120,3061,5671,26317
1893,2090,3058,5616,24973
1894,2105,3045,5455,23825
1895,2086,2961,5394,22403
1896,2010,2931,5285,21321
1897,1951,2874,5248,20115
1898,1893,2779,5148,18945
1899,1794,2735,4965,17877
1900,1771,2723,4836,16841
1901,1712,2669,4762,15773
1902,1667,2566,4607,14877
1903,1609,2479,4474,14277
1904,1553,2404,4364,13415
1905,1510,2341,4141,12752
1906,1422,2201,4037,12151
1907,1344,2103,3900,11617
1908,1290,1987,3792,11074
1909,1231,1924,3533,10661
1910,1221,1836,3384,10129
1911,1183,1755,3285,9674
1912,1165,1716,3197,9304
1913,1135,1670,3058,8861
1914,1035,1595,2931,8587
1915,921,1504,2802,8263
1916,898,1467,2729,7929
1917,887,1451,2655,7723
1918,883,1420,2631,7517
1919,857,1372,2591,7312
1920,842,1377,2534,7223
1921,819,1385,2528,7012
1922,819,1394,2478,6986
1923,799,1423,2441,6788
1924,804,1435,2478,6845
1925,830,1445,2449,6731
1926,879,1480,2511,6841
1927,928,1500,2528,6964
1928,953,1569,2611,7055
1929,969,1649,2764,7397
1930,1035,1730,2891,7669
1931,1143,1819,3076,8115
1932,1220,1998,3276,8364
1933,1349,2149,3508,9031
1934,1412,2221,3764,9529
1935,1539,2397,4012,10131
1936,1683,2521,4279,10827
1937,1805,2652,4520,11617
1938,1861,2786,4753,12605
1939,1892,2889,4990,13437
1940,1952,3046,5228,14594
1941,2032,3110,5428,15898
1942,2106,3221,5663,17244
1943,2189,3289,5895,18786
1944,2255,3425,6060,20503
1945,2317,3540,6249,22263
1946,2343,3610,6418,24024
1947,2401,3655,6493,25831
1948,2379,3665,6632,27358
1949,2401,3695,6582,29015
1950,2428,3632,6585,30146
1951,2422,3591,6554,31160
1952,2520,3538,6543,32007
1953,2500,3461,6531,32464
1954,2515,3415,6355,32879
1955,2536,3372,6293,32781
1956,2476,3329,6263,32634
1957,2482,3334,6191,32575
1958,2445,3319,6179,32216
1959,2405,3318,6162,31736
1960,2388,3269,6156,31076
1961,2375,3283,6101,30363
1962,2341,3171,5971,29344
1963,2370,3136,5854,28309
1964,2294,3160,5758,27217
1965,2247,3041,5647,26002
1966,2199,3037,5648,24787
1967,2145,2975,5544,23451
1968,2116,2966,5479,22452
1969,2092,2923,5338,21146
1970,2013,2844,5321,19837
1971,1932,2776,5103,18817
1972,1936,2727,5035,17729
1973,1854,2636,4839,16640
1974,1761,2555,4716,15754
1975,1694,2492,4614,14898
1976,1629,2410,4547,14216
1977,1545,2302,4404,13428
1978,1562,2244,4230,12739
1979,1485,2173,4035,12215
1980,1407,2100,3919,11440
1981,1357,2032,3732,10978
1982,1294,1904,3560,10478
1983,1251,1818,3489,10015
1984,1162,1780,3305,9613
1985,1115,1741,3116,9196
1986,1070,1705,3027,8854
1987,1040,1648,2894,8520
1988,989,1622,2884,8233
1989,950,1542,2732,7924
1990,945,1552,2702,7612
1991,941,1435,2648,7489
1992,928,1431,2575,7225
1993,914,1424,2541,7080
1994,856,1402,2534,7131
1995,834,1357,2470,6915
1996,831,1375,2451,6766
1997,842,1430,2470,6684
1998,843,1389,2506,6705
1999,869,1441,2572,6811
2000,888,1489,2627,6947
2001,958,1552,2659,7023
2002,1026,1644,2793,7303
2003,1148,1694,2953,7616
2004,1194,1870,3123,8069
2005,1329,1968,3294,8538
2006,1364,2095,3522,9116
2007,1460,2222,3733,9597
2008,1590,2348,3998,10283
2009,1719,2534,4241,11045
2010,1885,2624,4499,11850
2011,1901,2715,4790,12626
2012,1979,2802,4959,13693
2013,2021,2971,5165,14679
2014,2117,3021,5414,15984
2015,2184,3139,5669,17358
2016,2230,3207,5856,18982
2017,2290,3342,6054,20512
2018,2343,3427,6233,22432
2019,2318,3549,6457,24365
2020,2356,3645,6578,26161
2021,2435,3654,6683,27780
2022,2469,3572,6660,29406
2023,2474,3562,6723,30418
2024,2496,3527,6616,31247
2025,2483,3499,6596,31860
2026,2463,3436,6475,32529
2027,2493,3469,6377,32665
2028,2527,3415,6366,32949
2029,2487,3406,6265,32649
2030,2462,3375,6223,32665
2031,2363,3384,6200,32251
2032,2332,3316,6174,31862
2033,2310,3292,6137,31089
2034,2316,3266,6125,30498
2035,2310,3211,6010,29541
2036,2262,3242,5905,28560
2037,2231,3140,5765,27455
2038,2155,3095,5721,26060
2039,2100,3054,5645,24827
2040,2077,2922,5604,23755
2041,2091,2857,5491,22420
2042,2047,2902,5300,20992
2043,1984,2784,5223,19845
2044,1932,2704,5034,18728
2045,1888,2640,4866,17727
2046,1824,2535,4752,16966
2047,1746,2524,4629,15849
2048,1676,2492,4521,15205
2049,1601,2432,4301,14191
2050,1488,2367,4243,13396
2051,1439,2291,4127,12605
2052,1394,2205,4013,12172
2053,1354,2122,3848,11525
2054,1259,2062,3727,11097
2055,1205,1939,3588,10513
2056,1175,1886,3434,10143
2057,1114,1809,3268,9577
2058,1087,1695,3076,9329
2059,1055,1634,2993,8906
2060,1023,1537,2864,8621
2061,999,1526,2859,8221
2062,966,1480,2801,7931
2063,936,1486,2706,7741
2064,911,1417,2602,7554
2065,888,1361,2615,7322
2066,870,1346,2539,7046
2067,850,1355,2463,6912
2068,846,1333,2472,6812
2069,848,1363,2430,6694
2070,840,1329,2421,6737
2071,880,1335,2463,6771
2072,899,1359,2487,6771
2073,937,1396,2551,6831
2074,969,1503,2596,7133
2075,1039,1606,2724,7294
2076,1123,1690,2850,7767
2077,1195,1795,3081,8132
2078,1292,1935,3299,8637
2079,1375,2139,3565,9117
2080,1438,2225,3779,9547
2081,1544,2358,4042,10161
2082,1642,2493,4217,10875
2083,1749,2590,4473,11693
2084,1819,2745,4664,12580
2085,1945,2894,4875,13530
2086,2002,2997,5084,14509
2087,2090,3072,5308,15719
2088,2183,3213,5555,17057
2089,2263,3351,5844,18634
2090,2299,3471,6084,20352
2091,2339,3573,6253,22047
2092,2349,3629,6443,23989
2093,2385,3588,6544,25691
2094,2394,3553,6665,27411
2095,2407,3483,6690,28812
2096,2462,3488,6672,30111
2097,2490,3448,6714,31068
2098,2508,3453,6628,31983
2099,2485,3387,6537,32588
2100,2460,3374,6415,32733
2101,2444,3362,6437,32873
2102,2459,3337,6361,32920
2103,2468,3402,6270,32603
2104,2385,3405,6163,32235
2105,2349,3376,6099,31773
2106,2336,3336,6105,30967
2107,2312,3302,6017,30263
2108,2299,3256,6032,29405
2109,2285,3178,5929,28279
2110,2277,3105,5815,27112
2111,2243,3060,5711,25791
2112,2224,3042,5628,24681
2113,2120,2941,5620,23358
2114,2096,2949,5450,22143
2115,2007,2915,5346,21149
2116,1959,2827,5246,19785
2117,1932,2712,5091,18855
2118,1843,2710,4966,17801
2119,1806,2640,4833,16812
2120,1765,2609,4683,15795
2121,1664,2531,4622,15090
2122,1565,2463,4415,14107
2123,1492,2327,4302,13361
2124,1454,2255,4127,12868
2125,1423,2191,4032,12083
2126,1350,2085,3877,11391
2127,1293,2028,3730,10899
2128,1233,1953,3586,10423
2129,1158,1846,3480,10093
2130,1073,1791,3373,9654
2131,1058,1725,3216,9197
2132,1042,1667,3163,8889
2133,1001,1625,3015,8623
2134,1025,1584,2920,8349
2135,986,1555,2811,8073
2136,955,1523,2752,7718
2137,912,1456,2685,7571
2138,876,1428,2571,7324
2139,845,1338,2532,7221
2140,850,1364,2494,6947
2141,838,1361,2470,6927
2142,825,1358,2405,6793
2143,840,1345,2428,6781
2144,861,1367,2453,6772
2145,864,1420,2578,6864
2146,901,1481,2612,6988
2147,943,1553,2714,7229
2148,967,1559,2843,7532
2149,998,1684,2946,7855
2150,1119,1825,3152,8260
2151,1255,1951,3331,8625
2152,1356,2090,3508,9219
2153,1457,2205,3688,9678
2154,1597,2379,3923,10274
2155,1695,2537,4191,10968
2156,1806,2697,4434,11751
2157,1932,2845,4694,12544
2158,1988,2968,4951,13600
2159,2030,3058,5220,14716
2160,2054,3061,5439,15985
2161,2048,3150,5725,17410
2162,2128,3292,5890,19091
2163,2260,3390,6144,20712
2164,2365,3422,6352,22389
2165,2351,3473,6582,24235
2166,2375,3519,6665,25886
2167,2390,3512,6728,27562
2168,2390,3566,6689,28859
2169,2484,3560,6686,30240
2170,2453,3554,6667,31244
2171,2439,3473,6610,31848
2172,2463,3490,6489,32402
2173,2484,3401,6429,32844
2174,2447,3431,6304,32965
2175,2420,3409,6299,32832
2176,2416,3386,6170,32546
2177,2447,3419,6183,32307
2178,2395,3361,6196,31798
2179,2417,3292,6127,31253
2180,2334,3222,6128,30370
2181,2272,3258,6047,29461
2182,2235,3285,6060,28303
2183,2217,3234,5897,27098
2184,2165,3140,5770,26095
2185,2116,3109,5747,24746
2186,2117,3046,5659,23329
2187,2045,2934,5487,22193
2188,2027,2887,5334,20978
2189,2017,2856,5221,19715
2190,1962,2860,5058,18526
2191,1855,2771,4934,17715
2192,1795,2650,4832,16665
2193,1696,2513,4693,15838
2194,1625,2472,4551,15020
2195,1603,2380,4410,14272
2196,1552,2293,4316,13609
2197,1490,2221,4116,12952
2198,1428,2167,4001,12254
2199,1376,2108,3792,11677
2200,1307,2006,3659,11109
2201,1281,1897,3519,10598
2202,1226,1881,3477,10126
2203,1178,1816,3293,9754
2204,1143,1713,3185,9394
2205,1098,1721,3006,9020
2206,1035,1727,3025,8658
2207,1021,1653,2948,8320
2208,968,1564,2857,7850
2209,965,1533,2748,7740
2210,928,1535,2683,7569
2211,933,1456,2569,7254
2212,965,1418,2566,7083
2213,884,1371,2525,7005
2214,865,1341,2475,6867
2215,848,1339,2473,6869
2216,823,1309,2490,6942
2217,834,1338,2542,6865
2218,865,1401,2508,6888
2219,850,1469,2613,7096
2220,961,1514,2695,7233
2221,1035,1610,2805,7519
2222,1088,1706,2950,7778
2223,1164,1820,3167,8254
2224,1241,1927,3295,8543
2225,1303,2120,3517,9097
2226,1426,2246,3778,9691
2227,1487,2343,4006,10375
2228,1605,2466,4248,11082
2229,1784,2658,4524,11721
2230,1901,2779,4653,12616
2231,1984,2938,5017,13493
2232,2005,3037,5274,14714
2233,2071,3113,5408,16009
2234,703,510,5626,17494
2235,530,151,5819,18994
2236,594,149,5951,20604
2237,771,283,6077,22469
2238,1184,1011,6278,24316
2239,1662,1918,6422,26065
2240,881,430,6407,27623
2241,690,171,6428,28961
2242,730,170,6455,30192
2243,945,366,6491,31051
2244,1495,1377,6409,31629
2245,2022,2603,6416,32063
2246,1062,613,6127,32217
2247,788,165,6049,31997
2248,841,142,5961,31975
2249,1018,317,5861,31485
2250,1423,1078,5791,31020
2251,1830,2019,5853,30395
2252,1107,447,5691,29797
2253,885,139,5627,28850
2254,892,130,5486,28071
2255,977,230,5340,27153
2256,1227,802,5364,26237
2257,1498,1487,5337,24969
2258,1710,2025,5313,23580
2259,1892,2520,5294,22419
2260,2002,2908,5290,21200
2261,2035,3042,5267,19941
2262,1897,2949,5136,18780
2263,1754,2774,4949,17858
2264,1612,2564,4839,16897
2265,1503,2376,4744,15949
2266,1478,2236,4550,14994
2267,1424,2146,4416,14198
2268,1357,1997,4292,13513
2269,1288,1951,4144,12870
2270,1303,1904,3986,12326
2271,1228,1895,3854,11895
2272,1171,1868,3725,11324
2273,1133,1816,3559,10863
2274,1068,1796,3431,10437
2275,1014,1714,3310,10125
2276,992,1603,3163,9578
2277,941,1554,3075,9147
2278,904,1515,2983,8813
2279,890,1483,2865,8580
2280,881,1429,2730,8205
2281,845,1389,2665,7815
2282,816,1329,2603,7566
2283,820,1279,2557,7433
2284,789,1293,2521,7128
2285,761,1279,2429,6926
2286,765,1240,2385,6884
2287,796,1260,2415,6728
2288,798,1249,2364,6712
2289,801,1283,2360,6628
2290,825,1306,2404,6751
2291,850,1350,2462,6787
2292,900,1415,2525,6979
2293,933,1466,2641,7119
2294,1008,1573,2770,7377
2295,1068,1589,2884,7631
2296,1198,1737,2996,8079
2297,1259,1850,3198,8390
2298,1325,1994,3431,9093
2299,1410,2154,3693,9685
2300,1514,2260,3962,10289
2301,1602,2366,4238,11000
2302,1743,2484,4481,11719
2303,1818,2638,4730,12652
2304,1883,2736,4953,13688
2305,1954,2916,5201,14805
2306,2060,2971,5434,15920
2307,730,578,5617,17328
2308,523,132,5782,19005
2309,575,137,5937,20623
2310,779,321,6113,22441
2311,1304,1131,6241,24288
2312,1879,2164,6384,26012
2313,963,516,6408,27625
2314,720,152,6405,29219
2315,733,159,6397,30444
2316,964,377,6369,31367
2317,1579,1479,6317,32023
2318,2070,2781,6363,32498
2319,1116,622,6099,32411
2320,810,152,5935,32435
2321,811,150,5818,32130
2322,961,329,5706,31773
2323,1441,1270,5751,31227
2324,1927,2173,5783,30567
2325,1095,549,5656,29902
2326,835,132,5570,28964
2327,865,128,5540,28013
2328,959,262,5471,27187
2329,1273,926,5411,26296
2330,1575,1617,5399,25079
2331,1741,2080,5360,24017
2332,1917,2547,5331,22584
2333,2089,2930,5312,21583
2334,2044,3051,5266,20256
2335,1884,2928,5151,19088
2336,1749,2679,5038,18199
2337,1654,2457,4895,17203
2338,1532,2298,4710,16061
2339,1444,2143,4554,15378
2340,1423,1988,4394,14428
2341,1385,1903,4219,13749
2342,1326,1831,4176,13036
2343,1271,1858,4005,12240
2344,1222,1809,3856,11769
2345,1163,1777,3753,11285
2346,1145,1683,3623,10693
2347,1112,1654,3556,10318
2348,1042,1623,3370,9864
2349,1018,1560,3266,9589
2350,965,1503,3142,9228
2351,915,1501,2997,8856
2352,905,1445,2890,8562
2353,854,1370,2823,8157
2354,830,1333,2798,7926
2355,809,1276,2651,7594
2356,800,1223,2641,7331
2357,798,1219,2535,7196
2358,780,1233,2529,7027
2359,777,1260,2465,6971
2360,769,1267,2384,6792
2361,814,1256,2451,6787
2362,809,1268,2463,6677
2363,840,1301,2517,6787
2364,833,1308,2563,6886
2365,858,1393,2622,7026
2366,914,1447,2734,7228
2367,974,1525,2836,7565
2368,1048,1611,2961,7911
2369,1130,1701,3150,8246
2370,1207,1825,3364,8741
2371,1344,1975,3582,9244
2372,1452,2161,3792,9622
2373,1578,2273,4025,10420
2374,1686,2408,4237,11228
2375,1752,2504,4547,11935
2376,1874,2637,4729,12912
2377,1941,2697,5016,13941
2378,2008,2842,5109,15071
2379,2030,3023,5349,16112
2380,702,630,5478,17448
2381,481,153,5670,19086
2382,529,156,5877,20800
2383,746,378,5977,22668
2384,1270,1309,6197,24486
2385,1854,2384,6391,26377
2386,917,612,6389,27962
2387,685,167,6334,29329
2388,725,172,6279,30674
2389,959,452,6218,31653
2390,1597,1716,6250,32130
2391,2155,3017,6239,32615
2392,1070,770,5981,32537
2393,781,182,5838,32308
2394,809,148,5794,32185
2395,1019,361,5737,31765
2396,1471,1443,5747,31305
2397,1908,2440,5838,30673
2398,1129,644,5602,29923
2399,871,140,5519,29182
2400,893,142,5413,28172
2401,949,284,5321,27029
2402,1267,1041,5311,26118
2403,1636,1800,5238,25121
2404,1853,2276,5177,23962
2405,1956,2647,5145,22767
2406,2046,3044,5133,21466
2407,2070,3095,5101,20284
2408,1923,2906,4961,19043
2409,1794,2643,4892,17930
2410,1653,2351,4755,16946
2411,1562,2157,4647,16092
2412,1504,2005,4495,15370
2413,1442,1927,4298,14535
2414,1412,1853,4170,13788
2415,1428,1799,4054,13202
2416,1395,1780,3933,12579
2417,1324,1776,3841,12037
2418,1299,1766,3750,11512
2419,1206,1707,3646,10874
2420,1183,1654,3437,10424
2421,1126,1598,3323,10111
2422,1068,1555,3250,9625
2423,1035,1510,3158,9243
2424,975,1498,3011,8924
2425,948,1432,2863,8614
2426,954,1362,2760,8252
2427,925,1293,2690,8019
2428,934,1316,2614,7623
2429,912,1293,2561,7384
2430,871,1303,2546,7232
2431,874,1248,2524,7105
2432,869,1262,2446,6888
2433,879,1243,2464,6934
2434,866,1266,2484,6903
2435,887,1276,2494,6983
2436,877,1294,2507,7018
2437,907,1355,2540,7070
2438,946,1380,2614,7200
2439,956,1465,2652,7304
2440,978,1519,2697,7637
2441,1059,1619,2858,7976
2442,1164,1716,3031,8310
2443,1244,1866,3201,8750
2444,1386,2055,3417,9351
2445,1463,2186,3672,9857
2446,1563,2258,3951,10551
2447,1627,2401,4200,11289
2448,1765,2537,4475,12005
2449,1847,2662,4716,12960
2450,1930,2713,4878,13943
2451,2043,2793,5073,14904
2452,2094,2889,5200,16214
2453,702,554,5400,17742
2454,504,109,5584,19232
2455,532,132,5818,21148
2456,755,363,5981,22980
2457,1371,1333,6075,24784
2458,1995,2420,6265,26585
2459,966,576,6224,28433
2460,725,137,6206,29960
2461,742,170,6232,31025
2462,999,479,6182,31741
2463,1688,1928,6210,32365
2464,2248,3302,6273,32653
2465,1113,828,5966,32532
2466,773,169,5817,32425
2467,812,157,5720,32292
2468,1004,380,5630,31927
2469,1553,1488,5641,31224
2470,2009,2565,5696,30775
2471,1134,650,5484,30053
2472,884,112,5436,29214
2473,887,111,5306,28436
2474,987,281,5236,27455
2475,1368,1073,5142,26599
2476,1640,1855,5159,25417
2477,1810,2309,5173,24113
2478,1976,2678,5144,22828
2479,2053,2975,5111,21718
2480,1989,3073,5047,20485
2481,1879,2893,4959,19297
2482,1765,2631,4830,18354
2483,1686,2395,4707,17169
2484,1627,2191,4510,16265
2485,1551,2042,4405,15406
2486,1505,1910,4329,14624
2487,1435,1858,4106,13895
2488,1391,1814,3962,13130
2489,1357,1802,3818,12605
2490,1264,1770,3678,12065
2491,1280,1749,3586,11426
2492,1177,1749,3434,10993
2493,1152,1674,3392,10514
2494,1118,1598,3281,10046
2495,1046,1548,3217,9837
2496,1046,1496,3087,9407
2497,973,1430,2985,9050
2498,932,1347,2903,8786
2499,938,1341,2801,8405
2500,911,1293,2706,8047
2501,857,1278,2591,7628
2502,857,1245,2489,7453
2503,814,1229,2489,7367
2504,848,1226,2453,7170
2505,839,1194,2398,7022
2506,860,1227,2408,7022
2507,842,1248,2394,7042
2508,875,1287,2387,7057
2509,902,1343,2451,7083
2510,914,1348,2498,7100
2511,940,1360,2593,7327
2512,975,1425,2622,7511
2513,1052,1529,2750,7777
2514,1065,1647,2903,8014
2515,1178,1721,3063,8500
2516,1213,1836,3316,8997
2517,1364,2002,3513,9491
2518,1511,2148,3725,10155
2519,1615,2317,3926,10814
2520,1726,2480,4164,11443
2521,1827,2615,4310,12219
2522,1889,2743,4546,13036
2523,1967,2791,4812,13919
2524,2024,2836,5032,15161
2525,2102,2882,5302,16400
2526,767,548,5479,17835
2527,520,125,5689,19576
2528,581,137,5858,21281
2529,823,392,6026,23140
2530,1363,1422,6142,25003
2531,1957,2603,6240,26934
2532,915,681,6168,28610
2533,690,163,6102,29992
2534,761,168,6028,31058
2535,1024,487,6001,32091
2536,1692,1901,5917,32598
2537,2302,3297,5992,32931
2538,1170,800,5668,33011
2539,830,139,5494,32865
2540,855,123,5545,32564
2541,1032,381,5522,32043
2542,1521,1545,5631,31560
2543,2049,2681,5698,30960
2544,1131,676,5433,30208
2545,865,134,5335,29446
2546,875,137,5265,28534
2547,1019,325,5165,27569
2548,1412,1137,5065,26590
2549,1708,2044,5117,25412
2550,1907,2547,5139,24243
2551,2027,2789,5093,23166
2552,2083,2987,5011,22048
2553,2006,2993,4926,20696
2554,1891,2819,4854,19615
2555,1742,2560,4784,18539
2556,1637,2319,4582,17508
2557,1568,2144,4482,16520
2558,1513,2023,4288,15538
2559,1445,1903,4167,14704
2560,1437,1846,4061,13861
2561,1395,1831,3968,13236
2562,1394,1836,3804,12584
2563,1337,1861,3723,11979
2564,1325,1829,3648,11544
2565,1232,1815,3543,10978
2566,1137,1763,3439,10420
2567,1067,1706,3303,10122
2568,1006,1636,3136,9682
2569,986,1562,2978,9294
2570,971,1484,2931,8922
2571,952,1446,2870,8668
2572,919,1367,2785,8262
2573,898,1373,2755,7906
2574,875,1325,2634,7719
2575,856,1302,2527,7492
2576,834,1257,2454,7343
2577,792,1244,2374,7138
2578,823,1253,2409,7090
2579,802,1201,2371,6998
2580,815,1221,2383,6983
2581,833,1268,2356,6942
2582,825,1282,2371,6976
2583,860,1351,2411,7103
2584,887,1392,2487,7225
2585,938,1444,2537,7492
2586,1013,1493,2738,7813
2587,1153,1539,2869,8091
2588,1181,1695,3069,8497
2589,1290,1877,3233,8796
2590,1398,2043,3445,9329
2591,1460,2191,3694,9858
2592,1558,2306,3913,10510
2593,1682,2436,4082,11219
2594,1764,2587,4335,12046
2595,1839,2686,4571,12974
2596,1896,2839,4817,14004
2597,2004,2902,5039,15127
2598,2050,3022,5276,16457
2599,784,571,5433,18012
2600,544,124,5536,19714
2601,597,141,5725,21333
2602,867,377,5861,23294
2603,1454,1461,5975,25117
2604,2171,2701,6093,26893
2605,1052,729,5994,28574
2606,742,156,5990,30048
2607,792,150,5918,31176
2608,1061,534,5848,32045
2609,1781,2045,5914,32498
2610,2352,3425,5922,32798
2611,1195,857,5663,33004
2612,839,154,5560,32954
2613,857,154,5588,32831
2614,1100,397,5525,32404
2615,1645,1659,5539,31788
2616,2164,2817,5642,31177
2617,1193,694,5382,30281
2618,845,116,5272,29529
2619,867,109,5158,28753
2620,985,293,5109,27642
2621,1352,1218,5020,26590
2622,1747,2134,5091,25480
2623,1908,2559,5047,24293
2624,2033,2795,5003,23094
2625,2111,2977,4871,21895
2626,2022,2948,4860,20730
2627,1904,2773,4700,19581
2628,1816,2577,4593,18335
2629,1702,2399,4513,17259
2630,1588,2201,4403,16327
2631,1523,2057,4282,15384
2632,1505,1946,4214,14680
2633,1422,1894,4060,13856
2634,1356,1853,3955,13160
2635,1326,1838,3869,12614
2636,1311,1802,3743,12090
2637,1319,1782,3526,11553
2638,1269,1700,3473,11018
2639,1234,1669,3317,10560
2640,1185,1633,3165,10116
2641,1169,1580,3024,9669
2642,1086,1511,2973,9331
2643,1024,1385,2880,8848
2644,1002,1326,2812,8596
2645,999,1305,2745,8217
2646,956,1315,2625,8042
2647,902,1310,2526,7788
2648,901,1301,2521,7591
2649,857,1265,2539,7374
2650,835,1291,2526,7216
2651,825,1271,2506,7119
2652,837,1285,2428,7037
2653,858,1265,2373,7044
2654,872,1283,2462,7018
2655,863,1320,2457,7028
2656,917,1353,2521,7049
2657,922,1445,2629,7241
2658,971,1511,2700,7447
2659,1030,1583,2825,7642
2660,1090,1714,2968,7952
2661,1177,1822,3195,8354
2662,1257,1940,3353,8836
2663,1369,2000,3500,9390
2664,1450,2088,3683,9977
2665,1535,2265,3946,10529
2666,1607,2345,4116,11127
2667,1695,2485,4290,11977
2668,1802,2624,4529,13047
2669,1920,2771,4782,14029
2670,1985,2860,4958,15205
2671,2065,2918,5247,16483
2672,719,607,5374,18017
2673,496,153,5597,19768
2674,552,162,5795,21647
2675,865,428,5883,23438
2676,1506,1511,6063,25166
2677,2168,2802,6124,26914
2678,1074,679,6021,28663
2679,738,140,6043,30143
2680,777,158,5969,31278
2681,1081,520,5934,32344
2682,1824,1998,5857,32749
2683,2434,3476,5851,33057
2684,1215,862,5592,33361
2685,856,160,5516,33093
2686,865,163,5496,32843
2687,1081,427,5411,32277
2688,1609,1653,5467,31889
2689,2119,2892,5543,31339
2690,1155,695,5246,30545
2691,885,119,5162,29841
2692,877,128,5108,28836
2693,1004,293,5013,27679
2694,1401,1160,4945,26484
2695,1759,2081,4931,25528
2696,1971,2598,4987,24137
2697,2066,2878,4983,23039
2698,2119,3025,4897,21727
2699,2088,3040,4847,20709
2700,1875,2848,4734,19419
2701,1751,2612,4575,18483
2702,1631,2351,4493,17347
2703,1555,2164,4402,16345
2704,1484,2059,4290,15590
2705,1440,1969,4111,14785
2706,1445,1906,4015,13808
2707,1369,1846,3845,13112
2708,1356,1815,3734,12515
2709,1287,1801,3664,12144
2710,1214,1802,3510,11679
2711,1176,1798,3413,11221
2712,1170,1697,3311,10775
2713,1118,1686,3169,10343
2714,1077,1617,3097,9875
2715,995,1561,3000,9462
2716,934,1492,2939,9062
2717,922,1425,2832,8859
2718,904,1344,2785,8452
2719,862,1323,2716,8247
2720,846,1305,2651,7926
2721,833,1276,2615,7627
2722,827,1238,2505,7430
2723,822,1222,2486,7346
2724,805,1217,2432,7151
2725,811,1230,2421,7112
2726,816,1232,2394,7068
2727,816,1266,2414,7048
2728,836,1300,2361,7071
2729,887,1341,2430,7172
2730,920,1411,2570,7328
2731,942,1466,2654,7717
2732,1008,1563,2794,7900
2733,1059,1661,2904,8184
2734,1183,1779,3076,8673
2735,1238,1929,3280,9096
2736,1361,2046,3512,9550
2737,1468,2207,3766,10046
2738,1623,2344,3928,10663
2739,1710,2436,4199,11388
2740,1769,2552,4391,12246
2741,1805,2710,4604,13098
2742,1858,2821,4790,14159
2743,1934,2907,5001,15391
2744,2016,2972,5272,16585
2745,721,616,5321,18075
2746,518,151,5470,19592
2747,568,169,5721,21389
2748,872,418,5851,23511
2749,1514,1537,5977,25169
2750,2156,2854,6105,27132
2751,996,717,5992,28804
2752,712,163,5863,30295
2753,746,163,5891,31497
2754,1033,545,5814,32294
2755,1787,2231,5853,32810
2756,2383,3719,5871,33286
2757,1188,977,5661,33302
2758,795,169,5476,33212
2759,822,154,5412,32857
2760,1050,449,5392,32611
2761,1651,1758,5400,32061
2762,2197,2998,5567,31283
2763,1183,727,5289,30575
2764,949,116,5215,29638
2765,952,117,5133,28808
2766,1050,336,5074,28010
2767,1384,1250,5066,26942
2768,1758,2151,5122,25713
2769,1958,2622,5121,24476
2770,2048,2843,5043,23241
2771,2117,2991,5066,22032
2772,2001,2994,4963,20685
2773,1884,2851,4844,19416
2774,1825,2600,4720,18365
2775,1713,2292,4531,17234
2776,1639,2079,4433,16233
2777,1569,1953,4303,15382
2778,1486,1909,4121,14620
2779,1452,1897,3956,13967
2780,1415,1882,3879,13257
2781,1386,1829,3807,12660
2782,1284,1834,3678,12137
2783,1266,1773,3529,11583
2784,1231,1700,3403,10992
2785,1163,1668,3309,10499
2786,1147,1603,3237,10231
2787,1062,1545,3148,9718
2788,1029,1491,3059,9293
2789,982,1407,2965,8976
2790,964,1378,2892,8520
2791,920,1379,2785,8244
2792,895,1326,2746,7992
2793,888,1282,2639,7649
2794,883,1297,2547,7500
2795,860,1267,2525,7385
2796,817,1245,2488,7256
2797,853,1264,2410,7087
2798,837,1241,2420,7073
2799,833,1293,2411,6942
2800,855,1280,2432,6966
2801,870,1292,2415,7053
2802,872,1329,2411,7162
2803,934,1375,2458,7332
2804,986,1466,2614,7514
2805,1069,1529,2722,7830
2806,1126,1685,2874,8118
2807,1173,1783,3109,8423
2808,1249,1936,3299,8888
2809,1381,2043,3499,9435
2810,1538,2187,3752,10019
2811,1590,2342,3943,10731
2812,1666,2495,4143,11404
2813,1764,2604,4436,12291
2814,1823,2708,4619,13105
2815,1929,2743,4879,14021
2816,2040,2837,5019,15114
2817,2114,2885,5202,16468
2818,770,568,5396,17981
2819,540,124,5559,19622
2820,596,139,5681,21378
2821,922,401,5801,23430
2822,1555,1566,5917,25280
2823,2226,2916,5976,27190
2824,1040,700,5971,28726
2825,693,178,5885,30365
2826,771,178,5825,31327
2827,1098,565,5783,32401
2828,1858,2221,5857,32824
2829,2497,3736,5854,33191
2830,1218,886,5566,33108
2831,841,161,5438,32971
2832,835,160,5383,32792
2833,1068,449,5347,32422
2834,1641,1834,5343,31745
2835,2159,3103,5384,31001
2836,1134,754,5137,30340
2837,876,134,5053,29572
2838,899,127,5015,28748
2839,1040,321,4948,27512
2840,1416,1231,4944,26672
2841,1795,2171,4932,25524
2842,1941,2652,4962,24387
2843,2050,2896,4956,23131
2844,2064,3011,4920,21947
2845,2018,2965,4841,20733
2846,1883,2789,4729,19506
2847,1745,2583,4559,18661
2848,1648,2339,4467,17449
2849,1581,2186,4363,16570
2850,1540,2066,4293,15447
2851,1489,1932,4101,14612
2852,1483,1885,3993,13804
2853,1449,1863,3893,13118
2854,1425,1819,3762,12563
2855,1349,1812,3676,12106
2856,1277,1774,3657,11529
2857,1221,1769,3490,10980
2858,1206,1717,3362,10586
2859,1097,1629,3224,10071
2860,1063,1546,3033,9694
2861,1032,1516,2950,9236
2862,976,1474,2877,8826
2863,966,1457,2752,8501
2864,929,1386,2689,8206
2865,891,1321,2605,8018
2866,899,1290,2548,7802
2867,872,1276,2587,7636
2868,837,1261,2499,7478
2869,858,1271,2488,7493
2870,831,1248,2444,7236
2871,791,1237,2443,7168
2872,838,1259,2388,7079
2873,840,1283,2426,7173
2874,843,1323,2496,7156
2875,880,1334,2553,7192
2876,898,1436,2627,7236
2877,990,1504,2654,7367
2878,1073,1526,2825,7643
2879,1164,1658,2976,7964
2880,1243,1742,3107,8431
2881,1308,1924,3253,8747
2882,1428,2054,3424,9337
2883,1551,2169,3651,9909
2884,1636,2288,3838,10610
2885,1684,2461,4094,11335
2886,1759,2575,4291,12244
2887,1776,2691,4495,13167
2888,1859,2764,4785,14075
2889,1957,2815,5032,15288
2890,2020,2932,5229,16660
2891,730,580,5364,18164
2892,527,119,5566,19793
2893,540,137,5664,21565
2894,862,407,5840,23365
2895,1565,1617,5943,25133
2896,2273,3008,6074,26834
2897,1100,745,5969,28492
2898,733,131,5950,29845
2899,781,149,5891,30999
2900,1100,539,5768,32028
2901,1904,2304,5806,32523
2902,2578,3889,5806,32933
2903,1251,989,5516,32931
2904,839,130,5404,32856
2905,903,146,5387,32742
2906,1082,448,5432,32196
2907,1673,1778,5426,31879
2908,2197,3019,5469,31024
2909,1194,777,5165,30259
2910,878,125,5106,29701
2911,897,120,4988,28894
2912,1047,322,5018,27851
2913,1424,1276,4993,26762
2914,1810,2208,5054,25636
2915,1989,2748,5072,24384
2916,2063,2922,5007,23087
2917,2083,2982,4887,21788
2918,1955,3007,4844,20684
2919,1822,2830,4787,19354
2920,1721,2565,4599,18360
2921,1654,2358,4454,17213
2922,1583,2127,4296,16317
2923,1522,2002,4164,15530
2924,1443,1954,3988,14696
2925,1391,1910,3909,14002
2926,1403,1830,3809,13253
2927,1371,1812,3767,12607
2928,1309,1807,3649,12087
2929,1241,1775,3476,11656
2930,1176,1739,3360,11049
2931,1119,1693,3295,10615
2932,1104,1604,3145,10085
2933,1082,1536,3037,9801
2934,1059,1489,2980,9254
2935,1044,1467,2842,8996
2936,978,1409,2777,8692
2937,966,1358,2665,8391
2938,912,1350,2670,8116
2939,891,1286,2598,7912
2940,887,1247,2593,7815
2941,882,1207,2577,7507
2942,844,1208,2525,7392
2943,834,1217,2491,7285
2944,843,1243,2514,7213
2945,841,1259,2467,7209
2946,875,1294,2390,7130
2947,872,1311,2437,7263
2948,904,1388,2447,7261
2949,970,1421,2556,7375
2950,1033,1507,2663,7585
2951,1045,1577,2788,7928
2952,1117,1694,2927,8270
2953,1186,1822,3038,8588
2954,1295,1878,3246,9019
2955,1370,2038,3491,9669
2956,1454,2167,3724,10336
2957,1515,2338,3939,10799
2958,1639,2520,4165,11537
2959,1780,2670,4422,12248
2960,1866,2736,4634,13178
2961,1905,2789,4819,14058
2962,2009,2832,5009,15278
2963,2105,2910,5229,16565
2964,2214,3009,5438,18061
2965,2229,3092,5633,19681
2966,2270,3190,5807,21405
2967,2319,3196,5981,23224
2968,2414,3256,6052,25111
2969,2445,3301,6127,26798
2970,2404,3389,6132,28562
2971,2453,3458,5991,30201
2972,2456,3443,6074,31332
2973,2476,3403,6028,32190
2974,2514,3355,5977,32826
2975,2515,3302,5935,33347
2976,2480,3284,5890,33669
2977,2489,3278,5789,33736
2978,2490,3222,5743,33589
2979,2495,3153,5690,33342
2980,2512,3094,5643,33011
2981,2410,3059,5618,32501
2982,2322,3068,5541,31712
2983,2307,3046,5490,30979
2984,2281,3030,5361,30151
2985,2306,3031,5310,28932
2986,2236,2954,5248,28192
2987,2190,2902,5154,26720
2988,2166,2868,5079,25404
2989,2059,2809,5011,24190
2990,1986,2831,4890,22970
2991,1990,2772,4806,21570
2992,1948,2698,4728,20364
2993,1932,2597,4609,19281
2994,1890,2592,4501,18184
2995,1842,2515,4365,17308
2996,1755,2459,4249,16319
2997,1712,2366,4143,15282
2998,1648,2293,3991,14639
2999,1572,2215,3857,13761
3000,1513,2127,3743,12950
3001,1467,2023,3652,12399
3002,1383,1994,3505,11833
3003,1346,1911,3415,11279
3004,1265,1874,3339,10758
3005,1266,1821,3234,10183
3006,1201,1802,3057,9814
3007,1184,1702,2971,9485
3008,1097,1658,2927,9075
3009,1063,1596,2774,8801
3010,1024,1507,2703,8515
3011,1015,1497,2666,8310
3012,966,1449,2621,7967
3013,980,1431,2515,7722
3014,909,1344,2459,7536
3015,926,1384,2441,7482
3016,915,1345,2453,7330
3017,904,1344,2387,7151
3018,881,1384,2403,7128
3019,883,1422,2414,7084
3020,912,1456,2431,7007
3021,907,1473,2482,7179
3022,930,1548,2561,7237
3023,1007,1588,2650,7473
3024,1083,1627,2795,7753
3025,1139,1755,2896,8055
3026,1260,1838,3092,8334
3027,1353,1952,3221,8853
3028,1441,2172,3464,9375
3029,1515,2347,3696,9960
3030,1612,2524,3857,10482
3031,1689,2637,4104,11307
3032,1816,2724,4325,12236
3033,1837,2873,4580,13042
3034,1943,2915,4782,14090
3035,2064,2991,5016,15267
3036,2094,3116,5248,16386
3037,2145,3177,5551,17878
3038,2202,3239,5737,19590
3039,2327,3321,5888,21332
3040,2426,3369,6024,23108
3041,2436,3488,6193,25003
3042,2485,3480,6220,26757
3043,2476,3525,6212,28423
3044,2458,3522,6183,29773
3045,2410,3519,6136,30947
3046,2412,3518,6067,31960
3047,2491,3515,5883,32675
3048,2467,3415,5895,33207
3049,2498,3358,5814,33399
3050,2520,3325,5794,33312
3051,2485,3354,5760,33168
3052,2458,3332,5760,32882
3053,2391,3308,5804,32525
3054,2375,3266,5701,32141
3055,2355,3193,5562,31484
3056,2362,3238,5495,30749
3057,2315,3158,5430,29983
3058,2269,3180,5395,28846
3059,2197,3163,5342,27711
3060,2193,3066,5237,26631
3061,2103,2982,5140,25258
3062,2100,2925,5028,23811
3063,2026,2870,4923,22619
3064,2004,2838,4859,21412
3065,1947,2818,4837,20245
3066,1864,2710,4724,19035
3067,1862,2677,4617,17848
3068,1810,2597,4518,16893
3069,1793,2531,4401,15939
3070,1727,2443,4302,15039
3071,1640,2413,4174,14182
3072,1574,2273,4032,13668
3073,1498,2202,3919,12876
3074,1485,2130,3717,12322
3075,1436,2108,3607,11727
3076,1371,2047,3466,11243
3077,1284,1931,3381,10783
3078,1244,1840,3279,10288
3079,1151,1822,3112,9870
3080,1104,1715,3041,9415
3081,1089,1670,2934,9045
3082,1057,1640,2836,8877
3083,1019,1583,2758,8424
3084,972,1511,2745,8170
3085,961,1494,2679,7984
3086,958,1430,2589,7744
3087,897,1445,2491,7566
3088,909,1394,2450,7348
3089,930,1342,2429,7183
3090,945,1360,2404,7124
3091,956,1324,2434,7085
3092,973,1352,2422,7055
3093,983,1365,2409,7038
3094,1008,1450,2509,7163
3095,1011,1487,2601,7312
3096,1001,1536,2637,7573
3097,1064,1648,2760,7663
3098,1074,1738,2858,8045
3099,1182,1869,3043,8394
3100,1284,1997,3251,8839
3101,1386,2164,3450,9343
3102,1458,2322,3679,9900
3103,1586,2461,3901,10433
3104,1714,2520,4178,11138
3105,1846,2666,4348,11867
3106,1894,2734,4559,12862
3107,1990,2908,4775,13972
3108,2098,3023,5019,14890
3109,2096,3199,5248,16327
3110,2203,3276,5525,17679
3111,2262,3343,5727,19307
3112,2325,3417,5911,21040
3113,2375,3445,5989,22918
3114,2347,3547,6192,24646
3115,2336,3560,6256,26373
3116,2384,3584,6313,27922
3117,2493,3568,6301,29338
3118,2556,3505,6149,30700
3119,2537,3530,6151,31541
3120,2541,3493,6070,32258
3121,2502,3499,6026,32719
3122,2515,3453,5970,32976
3123,2509,3401,5891,32881
3124,2491,3356,5792,32946
3125,2475,3406,5815,32804
3126,2406,3337,5768,32337
3127,2371,3363,5733,31790
3128,2294,3320,5686,31192
3129,2285,3265,5636,30339
3130,2253,3156,5567,29647
3131,2191,3100,5510,28593
3132,2184,3107,5418,27443
3133,2150,3047,5332,26243
3134,2145,3013,5245,24903
3135,2143,2946,5189,23622
3136,2044,2927,5065,22422
3137,2054,2953,4951,21316
3138,1953,2882,4867,20190
3139,1913,2828,4671,18854
3140,1855,2764,4589,17807
3141,1842,2729,4589,16957
3142,1743,2683,4398,15942
3143,1709,2580,4242,15094
3144,1606,2509,4137,14302
3145,1574,2358,4032,13592
3146,1493,2304,3962,12932
3147,1448,2249,3767,12191
3148,1410,2171,3641,11634
3149,1326,2116,3483,10862
3150,1249,2031,3407,10556
3151,1190,1983,3289,10075
3152,1133,1862,3171,9631
3153,1135,1777,3073,9236
3154,1080,1697,2943,8958
3155,1057,1648,2845,8551
3156,997,1567,2821,8256
3157,994,1522,2680,7919
3158,962,1485,2624,7849
3159,899,1488,2534,7631
3160,914,1482,2520,7337
3161,897,1480,2439,7185
3162,888,1437,2377,7061
3163,876,1396,2389,6885
3164,888,1375,2383,6897
3165,884,1341,2385,6847
3166,858,1423,2418,6902
3167,909,1477,2500,6919
3168,964,1515,2576,7136
3169,1025,1610,2642,7311
3170,1115,1618,2767,7546
3171,1173,1758,2943,7838
3172,1246,1871,3089,8213
3173,1276,1991,3319,8638
3174,1352,2135,3492,9082
3175,1481,2293,3744,9740
3176,1559,2429,3906,10189
3177,1688,2575,4131,10986
3178,1793,2726,4378,11807
3179,1942,2825,4480,12715
3180,2060,2945,4674,13677
3181,2075,3046,4932,14917
3182,2122,3100,5132,16254
3183,2128,3186,5416,17614
3184,2187,3274,5676,19378
3185,2244,3441,5875,21100
3186,2349,3485,6041,22936
3187,2435,3519,6138,24697
3188,2489,3571,6329,26152
3189,2510,3645,6468,27901
3190,2487,3672,6503,29089
3191,2443,3673,6407,30514
3192,2425,3567,6330,31302
3193,2441,3525,6210,32191
3194,2474,3558,6093,32561
3195,2491,3496,6104,32880
3196,2535,3461,6018,32920
3197,2525,3450,5955,33036
3198,2526,3442,5883,32867
3199,2498,3387,5796,32393
3200,2447,3352,5721,31921
3201,2406,3309,5717,31316
3202,2307,3262,5660,30662
3203,2309,3217,5590,29744
3204,2292,3190,5554,28671
3205,2226,3113,5510,27575
3206,2159,3045,5391,26372
3207,2135,3026,5308,25166
3208,2064,2933,5188,23722
3209,2040,2937,5177,22501
3210,2028,2887,5029,21039
3211,1985,2841,4960,19911
3212,1923,2801,4829,18786
3213,1854,2749,4814,17886
3214,1832,2696,4625,16878
3215,1753,2635,4502,15973
3216,1681,2502,4310,14959
3217,1648,2427,4182,14279
3218,1596,2419,4092,13539
3219,1525,2301,3988,12959
3220,1428,2184,3848,12319
3221,1365,2142,3709,11598
3222,1309,2078,3608,11142
3223,1226,1969,3448,10559
3224,1199,1893,3309,10132
3225,1152,1830,3227,9670
3226,1162,1763,3113,9297
3227,1135,1665,3039,9003
3228,1077,1613,2942,8720
3229,1036,1559,2775,8386
3230,992,1527,2666,8116
3231,976,1498,2558,7801
3232,994,1484,2471,7683
3233,940,1458,2420,7490
3234,937,1427,2328,7276
3235,935,1409,2317,7238
3236,958,1423,2314,7124
3237,923,1437,2337,6974
3238,919,1450,2399,6919
3239,918,1492,2375,6885
3240,946,1478,2472,6967
3241,928,1584,2532,7102
3242,969,1646,2636,7312
3243,1027,1683,2794,7590
3244,1080,1756,2947,7795
3245,1171,1874,3107,8316
3246,1191,2011,3251,8699
3247,1317,2109,3527,9222
3248,1483,2270,3700,9832
3249,1607,2428,3880,10399
3250,1689,2615,4138,11056
3251,1780,2710,4378,11979
3252,1898,2891,4588,12741
3253,1964,3006,4826,13814
3254,1974,3116,5109,14815
3255,2082,3163,5296,16075
3256,2171,3225,5503,17495
3257,2205,3359,5724,19199
3258,2335,3464,6026,20620
3259,2358,3472,6093,22314
3260,2360,3429,6199,24285
3261,2448,3574,6256,25940
3262,2504,3631,6339,27587
3263,2564,3655,6410,29076
3264,2572,3649,6428,30458
3265,2592,3645,6428,31273
3266,2524,3570,6419,32092
3267,2512,3533,6305,32572
3268,2507,3517,6238,33039
3269,2441,3506,6104,33038
3270,2428,3446,6100,32813
3271,2409,3417,6031,32503
3272,2366,3400,5952,32360
3273,2369,3335,5839,31775
3274,2376,3350,5748,31018
3275,2322,3368,5685,30109
3276,2344,3319,5639,29236
3277,2278,3262,5601,28332
3278,2229,3110,5491,27277
3279,2185,3119,5448,26026
3280,2109,3049,5399,24865
3281,2056,2985,5359,23676
3282,2068,2944,5289,22293
3283,1999,2907,5249,21105
3284,1941,2852,5065,19929
3285,1873,2775,5002,18828
